{
  "setupFilesAfterEnv": ["jest-enzyme"],
  "testEnvironment": "enzyme",
  "testEnvironmentOptions": {
    "enzymeAdapter": "react16"
  },
  "collectCoverageFrom": [
    "**/components/**/*.js",
    "!**/components/**/*tw-styles.js",
    "!**/components/**/*tw-style.js",
    "!**/components/**/*helper.js",
    "!**/components/**/*reducer.js",
    "!**/components/**/test/*"
  ],
  "testRegex": "(\\.(test|spec))\\.(jsx|js)$",
  "testPathIgnorePatterns": ["/node_modules/", "/.next/", "/out/"],
  "setupFiles": ["<rootDir>/jest-setup.js"],
  "moduleNameMapper": {
    "\\.(jpg|jpeg|png|gif|eot|otf|webp|svg|ttf|woff|woff2|mp4|webm|wav|mp3|m4a|aac|oga)$": "<rootDir>/__mocks__/fileMock.js",
    "\\.(css|less)$": "<rootDir>/__mocks__/styleMock.js",
    "^@generators$": "<rootDir>/config/generators",
    "^@generators/(.*)$": "<rootDir>/config/generators/$1",
    "^@adapters/(.*)$": "<rootDir>/src/adapters/$1",
    "^@contentful/(.*)$": "<rootDir>/src/adapters/contentful/$1",
    "^@dataMapperHelper/(.*)$": "<rootDir>/src/adapters/contentful/dataMapper/helpers/$1",
    "^@icons$": "<rootDir>/src/assets/icons",
    "^@icons/(.*)$": "<rootDir>/src/assets/icons/$1",
    "^@components$": "<rootDir>/src/components",
    "^@components/(.*)$": "<rootDir>/src/components/$1",
    "^@containers$": "<rootDir>/src/containers",
    "^@containers/(.*)$": "<rootDir>/src/containers/$1",
    "^@constants$": "<rootDir>/src/constants",
    "^@constants/(.*)$": "<rootDir>/src/constants/$1",
    "^@helpers$": ["<rootDir>/src/helpers"],
    "^@helpers/(.*)$": ["<rootDir>/src/helpers/$1"],
    "^@styles$": "<rootDir>/src/styles",
    "^@styles/(.*)$": "<rootDir>/src/styles/$1"
  }
}
