{
  "/en-ca": {
    "url": "/en-ca",
    "enCA": "<xhtml:link rel=\"alternate\" hreflang=\"en-ca\" href=\"https://ca.crest.com/en-ca\"/>",
    "frCA": "<xhtml:link rel=\"alternate\" hreflang=\"fr-ca\" href=\"https://ca.crest.com/fr-ca\"/>",
    "enUS": "<xhtml:link rel=\"alternate\" hreflang=\"en-us\" href=\"https://crest.com/en-us\"/>"
  },
  "/en-ca/history-of-toothpaste": {
    "url": "/en-ca/history-of-toothpaste",
    "enCA": "<xhtml:link rel=\"alternate\" hreflang=\"en-ca\" href=\"https://ca.crest.com/en-ca/history-of-toothpaste\"/>",
    "frCA": "<xhtml:link rel=\"alternate\" hreflang=\"fr-ca\" href=\"https://ca.crest.com/fr-ca/histoire-du-dentifrice\"/>",
    "enUS": "<xhtml:link rel=\"alternate\" hreflang=\"en-us\" href=\"https://crest.com/en-us/oral-care-tips/toothpaste/history-toothpaste\"/>"
  },
  "/en-ca/oral-care-sustainability": {
    "url": "/en-ca/oral-care-sustainability",
    "enCA": "<xhtml:link rel=\"alternate\" hreflang=\"en-ca\" href=\"https://ca.crest.com/en-ca/oral-care-sustainability\"/>",
    "frCA": "<xhtml:link rel=\"alternate\" hreflang=\"fr-ca\" href=\"https://ca.crest.com/fr-ca/durabilite-des-soins-buccodentaires\"/>",
    "enUS": "<xhtml:link rel=\"alternate\" hreflang=\"en-us\" href=\"https://crest.com/en-us/oral-care-sustainability\"/>"
  },
  "/en-ca/product-safety": {
    "url": "/en-ca/product-safety",
    "enCA": "<xhtml:link rel=\"alternate\" hreflang=\"en-ca\" href=\"https://ca.crest.com/en-ca/product-safety\"/>",
    "frCA": "<xhtml:link rel=\"alternate\" hreflang=\"fr-ca\" href=\"https://ca.crest.com/fr-ca/surete-du-produit\"/>",
    "enUS": "<xhtml:link rel=\"alternate\" hreflang=\"en-us\" href=\"https://crest.com/en-us/product-safety\"/>"
  },
  "/en-ca/stannous-fluoride-toothpaste": {
    "url": "/en-ca/stannous-fluoride-toothpaste",
    "enCA": "<xhtml:link rel=\"alternate\" hreflang=\"en-ca\" href=\"https://ca.crest.com/en-ca/stannous-fluoride-toothpaste\"/>",
    "frCA": "<xhtml:link rel=\"alternate\" hreflang=\"fr-ca\" href=\"https://ca.crest.com/fr-ca/dentifrice-au-fluorure-stanneux\"/>",
    "enUS": "<xhtml:link rel=\"alternate\" hreflang=\"en-us\" href=\"https://crest.com/en-us/stannous-fluoride-toothpaste\"/>"
  },
  "/en-ca/toothpaste-ingredients": {
    "url": "/en-ca/toothpaste-ingredients",
    "enCA": "<xhtml:link rel=\"alternate\" hreflang=\"en-ca\" href=\"https://ca.crest.com/en-ca/toothpaste-ingredients\"/>",
    "frCA": "<xhtml:link rel=\"alternate\" hreflang=\"fr-ca\" href=\"https://ca.crest.com/fr-ca/ingredients-du-dentifrice\"/>",
    "enUS": "<xhtml:link rel=\"alternate\" hreflang=\"en-us\" href=\"https://crest.com/en-us/toothpaste-ingredients\"/>"
  },
  "/en-ca/contact-us": {
    "url": "/en-ca/contact-us",
    "enCA": "<xhtml:link rel=\"alternate\" hreflang=\"en-ca\" href=\"https://ca.crest.com/en-ca/contact-us\"/>",
    "frCA": "<xhtml:link rel=\"alternate\" hreflang=\"fr-ca\" href=\"https://ca.crest.com/fr-ca/contact-us\"/>",
    "enUS": "<xhtml:link rel=\"alternate\" hreflang=\"en-us\" href=\"https://crest.com/en-us/contact-us\"/>"
  },
  "/en-ca/oral-care-products/clean-and-freshen": {
    "url": "/en-ca/oral-care-products/clean-and-freshen",
    "enCA": "<xhtml:link rel=\"alternate\" hreflang=\"en-ca\" href=\"https://ca.crest.com/en-ca/oral-care-products/clean-and-freshen\"/>",
    "frCA": "<xhtml:link rel=\"alternate\" hreflang=\"fr-ca\" href=\"https://ca.crest.com/fr-ca/produits/nettoie-et-rafraichit\"/>",
    "enUS": "<xhtml:link rel=\"alternate\" hreflang=\"en-us\" href=\"https://crest.com/en-us/oral-care-products/clean-and-freshen\"/>"
  },
  "/en-ca/oral-care-products/gum-health": {
    "url": "/en-ca/oral-care-products/gum-health",
    "enCA": "<xhtml:link rel=\"alternate\" hreflang=\"en-ca\" href=\"https://ca.crest.com/en-ca/oral-care-products/gum-health\"/>",
    "frCA": "<xhtml:link rel=\"alternate\" hreflang=\"fr-ca\" href=\"https://ca.crest.com/fr-ca/produits/sante-gencives\"/>",
    "enUS": "<xhtml:link rel=\"alternate\" hreflang=\"en-us\" href=\"https://crest.com/en-us/oral-care-products/gum-health\"/>"
  },
  "/en-ca/oral-care-products/teeth-whitening": {
    "url": "/en-ca/oral-care-products/teeth-whitening",
    "enCA": "<xhtml:link rel=\"alternate\" hreflang=\"en-ca\" href=\"https://ca.crest.com/en-ca/oral-care-products/teeth-whitening\"/>",
    "frCA": "<xhtml:link rel=\"alternate\" hreflang=\"fr-ca\" href=\"https://ca.crest.com/fr-ca/produits/blanchiment-des-dents\"/>",
    "enUS": "<xhtml:link rel=\"alternate\" hreflang=\"en-us\" href=\"https://crest.com/en-us/oral-care-products/teeth-whitening\"/>"
  },
  "/en-ca/oral-care-products/teeth-sensitivity": {
    "url": "/en-ca/oral-care-products/teeth-sensitivity",
    "enCA": "<xhtml:link rel=\"alternate\" hreflang=\"en-ca\" href=\"https://ca.crest.com/en-ca/oral-care-products/teeth-sensitivity\"/>",
    "frCA": "<xhtml:link rel=\"alternate\" hreflang=\"fr-ca\" href=\"https://ca.crest.com/fr-ca/produits/dents-sensibles\"/>",
    "enUS": "<xhtml:link rel=\"alternate\" hreflang=\"en-us\" href=\"https://crest.com/en-us/oral-care-products/teeth-sensitivity\"/>"
  },
  "/en-ca/deals-and-coupons": {
    "url": "/en-ca/deals-and-coupons",
    "enCA": "<xhtml:link rel=\"alternate\" hreflang=\"en-ca\" href=\"https://ca.crest.com/en-ca/deals-and-coupons\"/>",
    "frCA": "<xhtml:link rel=\"alternate\" hreflang=\"fr-ca\" href=\"https://ca.crest.com/fr-ca/bons-rabais-et-offres\"/>",
    "enUS": "<xhtml:link rel=\"alternate\" hreflang=\"en-us\" href=\"https://crest.com/en-us/deals-and-coupons\"/>"
  },
  "/en-ca/sitemap": {
    "url": "/en-ca/sitemap",
    "enCA": "<xhtml:link rel=\"alternate\" hreflang=\"en-ca\" href=\"https://ca.crest.com/en-ca/sitemap\"/>",
    "frCA": "<xhtml:link rel=\"alternate\" hreflang=\"fr-ca\" href=\"https://ca.crest.com/fr-ca/sitemap\"/>",
    "enUS": "<xhtml:link rel=\"alternate\" hreflang=\"en-us\" href=\"https://crest.com/sitemap.php\"/>"
  },
  "/en-ca/oral-care-products": {
    "url": "/en-ca/oral-care-products",
    "enCA": "<xhtml:link rel=\"alternate\" hreflang=\"en-ca\" href=\"https://ca.crest.com/en-ca/oral-care-products\"/>",
    "frCA": "<xhtml:link rel=\"alternate\" hreflang=\"fr-ca\" href=\"https://ca.crest.com/fr-ca/produits\"/>",
    "enUS": "<xhtml:link rel=\"alternate\" hreflang=\"en-us\" href=\"https://crest.com/en-us/oral-care-products\"/>"
  },
  "/en-ca/oral-care-products/whitening-treatments": {
    "url": "/en-ca/oral-care-products/whitening-treatments",
    "enCA": "<xhtml:link rel=\"alternate\" hreflang=\"en-ca\" href=\"https://ca.crest.com/en-ca/oral-care-products/whitening-treatments\"/>",
    "frCA": "<xhtml:link rel=\"alternate\" hreflang=\"fr-ca\" href=\"https://ca.crest.com/fr-ca/produits/blanchissement-dentaire\"/>",
    "enUS": "<xhtml:link rel=\"alternate\" hreflang=\"en-us\" href=\"https://crest.com/en-us/oral-care-products/whitening-treatments\"/>"
  },
  "/en-ca/oral-care-products/kids": {
    "url": "/en-ca/oral-care-products/kids",
    "enCA": "<xhtml:link rel=\"alternate\" hreflang=\"en-ca\" href=\"https://ca.crest.com/en-ca/oral-care-products/kids\"/>",
    "frCA": "<xhtml:link rel=\"alternate\" hreflang=\"fr-ca\" href=\"https://ca.crest.com/fr-ca/produits/enfants\"/>",
    "enUS": "<xhtml:link rel=\"alternate\" hreflang=\"en-us\" href=\"https://crest.com/en-us/oral-care-products/kids\"/>"
  },
  "/en-ca/oral-care-products/mouthwash": {
    "url": "/en-ca/oral-care-products/mouthwash",
    "enCA": "<xhtml:link rel=\"alternate\" hreflang=\"en-ca\" href=\"https://ca.crest.com/en-ca/oral-care-products/mouthwash\"/>",
    "frCA": "<xhtml:link rel=\"alternate\" hreflang=\"fr-ca\" href=\"https://ca.crest.com/fr-ca/produits/rince-bouche\"/>",
    "enUS": "<xhtml:link rel=\"alternate\" hreflang=\"en-us\" href=\"https://crest.com/en-us/oral-care-products/mouthwash\"/>"
  },
  "/en-ca/oral-care-products/toothpaste": {
    "url": "/en-ca/oral-care-products/toothpaste",
    "enCA": "<xhtml:link rel=\"alternate\" hreflang=\"en-ca\" href=\"https://ca.crest.com/en-ca/oral-care-products/toothpaste\"/>",
    "frCA": "<xhtml:link rel=\"alternate\" hreflang=\"fr-ca\" href=\"https://ca.crest.com/fr-ca/produits/dentifrice\"/>",
    "enUS": "<xhtml:link rel=\"alternate\" hreflang=\"en-us\" href=\"https://crest.com/en-us/oral-care-products/toothpaste\"/>"
  },
  "/en-ca/oral-care-products/whitening-treatments/3d-white-monthly-whitening-boost-whitestrips-teeth-whitening-kit": {
    "url": "/en-ca/oral-care-products/whitening-treatments/3d-white-monthly-whitening-boost-whitestrips-teeth-whitening-kit",
    "enCA": "<xhtml:link rel=\"alternate\" hreflang=\"en-ca\" href=\"https://ca.crest.com/en-ca/oral-care-products/whitening-treatments/3d-white-monthly-whitening-boost-whitestrips-teeth-whitening-kit\"/>",
    "frCA": "<xhtml:link rel=\"alternate\" hreflang=\"fr-ca\" href=\"https://ca.crest.com/fr-ca/produits/blanchissement-dentaire/monthly-teeth-whitening-kit-boost\"/>"
  },
  "/en-ca/oral-care-products/whitening-treatments/3d-white-whitestrips-1-hour-express": {
    "url": "/en-ca/oral-care-products/whitening-treatments/3d-white-whitestrips-1-hour-express",
    "enCA": "<xhtml:link rel=\"alternate\" hreflang=\"en-ca\" href=\"https://ca.crest.com/en-ca/oral-care-products/whitening-treatments/3d-white-whitestrips-1-hour-express\"/>",
    "frCA": "<xhtml:link rel=\"alternate\" hreflang=\"fr-ca\" href=\"https://ca.crest.com/fr-ca/produits/blanchissement-dentaire/express-one-heure\"/>",
    "enUS": "<xhtml:link rel=\"alternate\" hreflang=\"en-us\" href=\"https://crest.com/en-us/oral-care-products/3d-whitestrips/express-whitening-kit\"/>"
  },
  "/en-ca/oral-care-products/whitening-treatments/3d-white-whitestrips-gentle-routine": {
    "url": "/en-ca/oral-care-products/whitening-treatments/3d-white-whitestrips-gentle-routine",
    "enCA": "<xhtml:link rel=\"alternate\" hreflang=\"en-ca\" href=\"https://ca.crest.com/en-ca/oral-care-products/whitening-treatments/3d-white-whitestrips-gentle-routine\"/>",
    "frCA": "<xhtml:link rel=\"alternate\" hreflang=\"fr-ca\" href=\"https://ca.crest.com/fr-ca/produits/blanchissement-dentaire/douce-routine\"/>",
    "enUS": "<xhtml:link rel=\"alternate\" hreflang=\"en-us\" href=\"https://crest.com/en-us/oral-care-products/3d-whitestrips/gentle-whitening-kit\"/>"
  },
  "/en-ca/oral-care-products/whitening-treatments/3d-white-whitestrips-glamorous-white": {
    "url": "/en-ca/oral-care-products/whitening-treatments/3d-white-whitestrips-glamorous-white",
    "enCA": "<xhtml:link rel=\"alternate\" hreflang=\"en-ca\" href=\"https://ca.crest.com/en-ca/oral-care-products/whitening-treatments/3d-white-whitestrips-glamorous-white\"/>",
    "frCA": "<xhtml:link rel=\"alternate\" hreflang=\"fr-ca\" href=\"https://ca.crest.com/fr-ca/produits/blanchissement-dentaire/3d-white-blanc-eblouissant\"/>"
  },
  "/en-ca/oral-care-products/whitening-treatments/3d-white-whitestrips-noticeably-white": {
    "url": "/en-ca/oral-care-products/whitening-treatments/3d-white-whitestrips-noticeably-white",
    "enCA": "<xhtml:link rel=\"alternate\" hreflang=\"en-ca\" href=\"https://ca.crest.com/en-ca/oral-care-products/whitening-treatments/3d-white-whitestrips-noticeably-white\"/>",
    "frCA": "<xhtml:link rel=\"alternate\" hreflang=\"fr-ca\" href=\"https://ca.crest.com/fr-ca/produits/blanchissement-dentaire/noticeably-blanchissant\"/>"
  },
  "/en-ca/oral-care-products/whitening-treatments/3d-white-whitestrips-professional-effects": {
    "url": "/en-ca/oral-care-products/whitening-treatments/3d-white-whitestrips-professional-effects",
    "enCA": "<xhtml:link rel=\"alternate\" hreflang=\"en-ca\" href=\"https://ca.crest.com/en-ca/oral-care-products/whitening-treatments/3d-white-whitestrips-professional-effects\"/>",
    "frCA": "<xhtml:link rel=\"alternate\" hreflang=\"fr-ca\" href=\"https://ca.crest.com/fr-ca/produits/blanchissement-dentaire/professionnel-effect\"/>",
    "enUS": "<xhtml:link rel=\"alternate\" hreflang=\"en-us\" href=\"https://crest.com/en-us/oral-care-products/3d-whitestrips/professional-effects-twin-pack\"/>"
  },
  "/en-ca/oral-care-products/whitening-treatments/3d-white-whitestrips-vivid": {
    "url": "/en-ca/oral-care-products/whitening-treatments/3d-white-whitestrips-vivid",
    "enCA": "<xhtml:link rel=\"alternate\" hreflang=\"en-ca\" href=\"https://ca.crest.com/en-ca/oral-care-products/whitening-treatments/3d-white-whitestrips-vivid\"/>",
    "frCA": "<xhtml:link rel=\"alternate\" hreflang=\"fr-ca\" href=\"https://ca.crest.com/fr-ca/produits/blanchissement-dentaire/3d-white-blanc-brillant\"/>",
    "enUS": "<xhtml:link rel=\"alternate\" hreflang=\"en-us\" href=\"https://crest.com/en-us/oral-care-products/3d-whitestrips/3d-white-whitestrips-classic-vivid-teeth-whitening-kit\"/>"
  },
  "/en-ca/oral-care-products/whitening-treatments/bandes-3d-white-whitestrips-supreme-flexfit": {
    "url": "/en-ca/oral-care-products/whitening-treatments/bandes-3d-white-whitestrips-supreme-flexfit",
    "enCA": "<xhtml:link rel=\"alternate\" hreflang=\"en-ca\" href=\"https://ca.crest.com/en-ca/oral-care-products/whitening-treatments/bandes-3d-white-whitestrips-supreme-flexfit\"/>",
    "frCA": "<xhtml:link rel=\"alternate\" hreflang=\"fr-ca\" href=\"https://ca.crest.com/fr-ca/produits/blanchissement-dentaire/supreme-flexfit\"/>",
    "enUS": "<xhtml:link rel=\"alternate\" hreflang=\"en-us\" href=\"https://crest.com/en-us/oral-care-products/3d-whitestrips/3d-white-supreme-flexfit-whitestrips-teeth-whitening-kit\"/>"
  },
  "/en-ca/oral-care-products/whitening-treatments/whitestrips-with-light-teeth-whitening-kit": {
    "url": "/en-ca/oral-care-products/whitening-treatments/whitestrips-with-light-teeth-whitening-kit",
    "enCA": "<xhtml:link rel=\"alternate\" hreflang=\"en-ca\" href=\"https://ca.crest.com/en-ca/oral-care-products/whitening-treatments/whitestrips-with-light-teeth-whitening-kit\"/>",
    "frCA": "<xhtml:link rel=\"alternate\" hreflang=\"fr-ca\" href=\"https://ca.crest.com/fr-ca/produits/blanchissement-dentaire/light-teeth-whitening-kit\"/>",
    "enUS": "<xhtml:link rel=\"alternate\" hreflang=\"en-us\" href=\"https://crest.com/en-us/oral-care-products/3d-whitestrips/original-whitening-kit\"/>"
  },
  "/en-ca/oral-care-products/mouthwash/3d-white-arctic-fresh-mouthwash": {
    "url": "/en-ca/oral-care-products/mouthwash/3d-white-arctic-fresh-mouthwash",
    "enCA": "<xhtml:link rel=\"alternate\" hreflang=\"en-ca\" href=\"https://ca.crest.com/en-ca/oral-care-products/mouthwash/3d-white-arctic-fresh-mouthwash\"/>",
    "frCA": "<xhtml:link rel=\"alternate\" hreflang=\"fr-ca\" href=\"https://ca.crest.com/fr-ca/produits/rince-bouche/3d-white-fraicheur-arctique\"/>",
    "enUS": "<xhtml:link rel=\"alternate\" hreflang=\"en-us\" href=\" \"/>"
  },
  "/en-ca/oral-care-products/mouthwash/3d-white-diamond-strong-mouthwash": {
    "url": "/en-ca/oral-care-products/mouthwash/3d-white-diamond-strong-mouthwash",
    "enCA": "<xhtml:link rel=\"alternate\" hreflang=\"en-ca\" href=\"https://ca.crest.com/en-ca/oral-care-products/mouthwash/3d-white-diamond-strong-mouthwash\"/>",
    "frCA": "<xhtml:link rel=\"alternate\" hreflang=\"fr-ca\" href=\"https://ca.crest.com/fr-ca/produits/rince-bouche/3d-white-diamond-strong\"/>",
    "enUS": "<xhtml:link rel=\"alternate\" hreflang=\"en-us\" href=\"https://crest.com/en-us/oral-care-products/mouthwash/3d-white-diamond-strong-mouthwash\"/>"
  },
  "/en-ca/oral-care-products/mouthwash/3d-white-glamorous-white-mouthwash": {
    "url": "/en-ca/oral-care-products/mouthwash/3d-white-glamorous-white-mouthwash",
    "enCA": "<xhtml:link rel=\"alternate\" hreflang=\"en-ca\" href=\"https://ca.crest.com/en-ca/oral-care-products/mouthwash/3d-white-glamorous-white-mouthwash\"/>",
    "frCA": "<xhtml:link rel=\"alternate\" hreflang=\"fr-ca\" href=\"https://ca.crest.com/fr-ca/produits/rince-bouche/3d-white-blanc-eblouissant\"/>",
    "enUS": "<xhtml:link rel=\"alternate\" hreflang=\"en-us\" href=\"https://crest.com/en-us/oral-care-products/mouthwash/3d-white-glamorous-white-multi-care-whitening-mouthwash\"/>"
  },
  "/en-ca/oral-care-products/mouthwash/3d-white-vivid-white-mouthwash": {
    "url": "/en-ca/oral-care-products/mouthwash/3d-white-vivid-white-mouthwash",
    "enCA": "<xhtml:link rel=\"alternate\" hreflang=\"en-ca\" href=\"https://ca.crest.com/en-ca/oral-care-products/mouthwash/3d-white-vivid-white-mouthwash\"/>",
    "frCA": "<xhtml:link rel=\"alternate\" hreflang=\"fr-ca\" href=\"https://ca.crest.com/fr-ca/produits/rince-bouche/3d-white-blanc-brillant\"/>"
  },
  "/en-ca/oral-care-products/mouthwash/kids-cavity-protection-sparkle-fun-mouthwash": {
    "url": "/en-ca/oral-care-products/mouthwash/kids-cavity-protection-sparkle-fun-mouthwash",
    "enCA": "<xhtml:link rel=\"alternate\" hreflang=\"en-ca\" href=\"https://ca.crest.com/en-ca/oral-care-products/mouthwash/kids-cavity-protection-sparkle-fun-mouthwash\"/>",
    "frCA": "<xhtml:link rel=\"alternate\" hreflang=\"fr-ca\" href=\"https://ca.crest.com/fr-ca/produits/rince-bouche/protection-anticarie-pour-enfants-gel-etincelant\"/>"
  },
  "/en-ca/oral-care-products/mouthwash/moisturizing-oral-rinse-anticavity-flouride-mouthwash": {
    "url": "/en-ca/oral-care-products/mouthwash/moisturizing-oral-rinse-anticavity-flouride-mouthwash",
    "enCA": "<xhtml:link rel=\"alternate\" hreflang=\"en-ca\" href=\"https://ca.crest.com/en-ca/oral-care-products/mouthwash/moisturizing-oral-rinse-anticavity-flouride-mouthwash\"/>",
    "frCA": "<xhtml:link rel=\"alternate\" hreflang=\"fr-ca\" href=\"https://ca.crest.com/fr-ca/produits/rince-bouche/hydratant-et-anticarie-au-fluorure\"/>"
  },
  "/en-ca/oral-care-products/mouthwash/pro-health-advanced-active-strengthening-mouthwash": {
    "url": "/en-ca/oral-care-products/mouthwash/pro-health-advanced-active-strengthening-mouthwash",
    "enCA": "<xhtml:link rel=\"alternate\" hreflang=\"en-ca\" href=\"https://ca.crest.com/en-ca/oral-care-products/mouthwash/pro-health-advanced-active-strengthening-mouthwash\"/>",
    "frCA": "<xhtml:link rel=\"alternate\" hreflang=\"fr-ca\" href=\"https://ca.crest.com/fr-ca/produits/rince-bouche/pro-sante-avance-a-action-fortifiante\"/>"
  },
  "/en-ca/oral-care-products/mouthwash/pro-health-advanced-extra-deep-clean-mouthwash-clean-mint": {
    "url": "/en-ca/oral-care-products/mouthwash/pro-health-advanced-extra-deep-clean-mouthwash-clean-mint",
    "enCA": "<xhtml:link rel=\"alternate\" hreflang=\"en-ca\" href=\"https://ca.crest.com/en-ca/oral-care-products/mouthwash/pro-health-advanced-extra-deep-clean-mouthwash-clean-mint\"/>",
    "frCA": "<xhtml:link rel=\"alternate\" hreflang=\"fr-ca\" href=\"https://ca.crest.com/fr-ca/produits/rince-bouche/pro-sante-avance-extra-nettoyant-en-profondeur-menthe-vive\"/>"
  },
  "/en-ca/oral-care-products/mouthwash/pro-health-advanced-extra-deep-clean-mouthwash-fresh-mint": {
    "url": "/en-ca/oral-care-products/mouthwash/pro-health-advanced-extra-deep-clean-mouthwash-fresh-mint",
    "enCA": "<xhtml:link rel=\"alternate\" hreflang=\"en-ca\" href=\"https://ca.crest.com/en-ca/oral-care-products/mouthwash/pro-health-advanced-extra-deep-clean-mouthwash-fresh-mint\"/>",
    "frCA": "<xhtml:link rel=\"alternate\" hreflang=\"fr-ca\" href=\"https://ca.crest.com/fr-ca/produits/rince-bouche/pro-sante-avance-extra-nettoyant-en-profondeur-menthe-fraiche\"/>",
    "enUS": "<xhtml:link rel=\"alternate\" hreflang=\"en-us\" href=\"https://crest.com/en-us/oral-care-products/mouthwash/pro-health-advanced-extra-freshness-mouthwash\"/>"
  },
  "/en-ca/oral-care-products/mouthwash/pro-health-advanced-extra-whitening-mouthwash": {
    "url": "/en-ca/oral-care-products/mouthwash/pro-health-advanced-extra-whitening-mouthwash",
    "enCA": "<xhtml:link rel=\"alternate\" hreflang=\"en-ca\" href=\"https://ca.crest.com/en-ca/oral-care-products/mouthwash/pro-health-advanced-extra-whitening-mouthwash\"/>",
    "frCA": "<xhtml:link rel=\"alternate\" hreflang=\"fr-ca\" href=\"https://ca.crest.com/fr-ca/produits/rince-bouche/pro-sante-avance-extra-blanchissant\"/>",
    "enUS": "<xhtml:link rel=\"alternate\" hreflang=\"en-us\" href=\"https://crest.com/en-us/oral-care-products/mouthwash/pro-health-advanced-extra-whitening-mouthwash\"/>"
  },
  "/en-ca/oral-care-products/mouthwash/pro-health-for-me-star-wars-mouthwash": {
    "url": "/en-ca/oral-care-products/mouthwash/pro-health-for-me-star-wars-mouthwash",
    "enCA": "<xhtml:link rel=\"alternate\" hreflang=\"en-ca\" href=\"https://ca.crest.com/en-ca/oral-care-products/mouthwash/pro-health-for-me-star-wars-mouthwash\"/>",
    "frCA": "<xhtml:link rel=\"alternate\" hreflang=\"fr-ca\" href=\"https://ca.crest.com/fr-ca/produits/rince-bouche/pro-sante-pour-moi-disney-star-wars-pour-enfants\"/>"
  },
  "/en-ca/oral-care-products/mouthwash/pro-health-invigorating-clean-mouthwash": {
    "url": "/en-ca/oral-care-products/mouthwash/pro-health-invigorating-clean-mouthwash",
    "enCA": "<xhtml:link rel=\"alternate\" hreflang=\"en-ca\" href=\"https://ca.crest.com/en-ca/oral-care-products/mouthwash/pro-health-invigorating-clean-mouthwash\"/>",
    "frCA": "<xhtml:link rel=\"alternate\" hreflang=\"fr-ca\" href=\"https://ca.crest.com/fr-ca/produits/rince-bouche/pro-sante-nettoyage-vivifiant\"/>"
  },
  "/en-ca/oral-care-products/mouthwash/pro-health-multi-protection-mouthwash": {
    "url": "/en-ca/oral-care-products/mouthwash/pro-health-multi-protection-mouthwash",
    "enCA": "<xhtml:link rel=\"alternate\" hreflang=\"en-ca\" href=\"https://ca.crest.com/en-ca/oral-care-products/mouthwash/pro-health-multi-protection-mouthwash\"/>",
    "frCA": "<xhtml:link rel=\"alternate\" hreflang=\"fr-ca\" href=\"https://ca.crest.com/fr-ca/produits/rince-bouche/pro-sante-multi-protection\"/>"
  },
  "/en-ca/oral-care-products/mouthwash/scope-advanced-6-in-1-multi-protection-mouthwash": {
    "url": "/en-ca/oral-care-products/mouthwash/scope-advanced-6-in-1-multi-protection-mouthwash",
    "enCA": "<xhtml:link rel=\"alternate\" hreflang=\"en-ca\" href=\"https://ca.crest.com/en-ca/oral-care-products/mouthwash/scope-advanced-6-in-1-multi-protection-mouthwash\"/>",
    "frCA": "<xhtml:link rel=\"alternate\" hreflang=\"fr-ca\" href=\"https://ca.crest.com/fr-ca/produits/rince-bouche/scope-advanced-multi-protection\"/>"
  },
  "/en-ca/oral-care-products/mouthwash/scope-classic-mint-mouthwash": {
    "url": "/en-ca/oral-care-products/mouthwash/scope-classic-mint-mouthwash",
    "enCA": "<xhtml:link rel=\"alternate\" hreflang=\"en-ca\" href=\"https://ca.crest.com/en-ca/oral-care-products/mouthwash/scope-classic-mint-mouthwash\"/>",
    "frCA": "<xhtml:link rel=\"alternate\" hreflang=\"fr-ca\" href=\"https://ca.crest.com/fr-ca/produits/rince-bouche/scope-classique-a-la-menthe\"/>",
    "enUS": "<xhtml:link rel=\"alternate\" hreflang=\"en-us\" href=\"https://crest.com/en-us/oral-care-products/mouthwash/scope-mouthwash-original-mint\"/>"
  },
  "/en-ca/oral-care-products/mouthwash/scope-outlast-peppermint-mouthwash": {
    "url": "/en-ca/oral-care-products/mouthwash/scope-outlast-peppermint-mouthwash",
    "enCA": "<xhtml:link rel=\"alternate\" hreflang=\"en-ca\" href=\"https://ca.crest.com/en-ca/oral-care-products/mouthwash/scope-outlast-peppermint-mouthwash\"/>",
    "frCA": "<xhtml:link rel=\"alternate\" hreflang=\"fr-ca\" href=\"https://ca.crest.com/fr-ca/produits/rince-bouche/scope-outlast-a-la-menthe-poivree\"/>",
    "enUS": "<xhtml:link rel=\"alternate\" hreflang=\"en-us\" href=\"https://crest.com/en-us/oral-care-products/mouthwash/scope-outlast-peppermint-mouthwash\"/>"
  },
  "/en-ca/oral-care-products/mouthwash/scope-peppermint-mouthwash": {
    "url": "/en-ca/oral-care-products/mouthwash/scope-peppermint-mouthwash",
    "enCA": "<xhtml:link rel=\"alternate\" hreflang=\"en-ca\" href=\"https://ca.crest.com/en-ca/oral-care-products/mouthwash/scope-peppermint-mouthwash\"/>",
    "frCA": "<xhtml:link rel=\"alternate\" hreflang=\"fr-ca\" href=\"https://ca.crest.com/fr-ca/produits/rince-bouche/scope-a-la-menthe-poivree\"/>"
  },
  "/en-ca/oral-care-products/toothpaste/3d-white-arctic-fresh-toothpaste": {
    "url": "/en-ca/oral-care-products/toothpaste/3d-white-arctic-fresh-toothpaste",
    "enCA": "<xhtml:link rel=\"alternate\" hreflang=\"en-ca\" href=\"https://ca.crest.com/en-ca/oral-care-products/toothpaste/3d-white-arctic-fresh-toothpaste\"/>",
    "frCA": "<xhtml:link rel=\"alternate\" hreflang=\"fr-ca\" href=\"https://ca.crest.com/fr-ca/produits/dentifrice/3d-white-fraicheur-arctique\"/>",
    "enUS": "<xhtml:link rel=\"alternate\" hreflang=\"en-us\" href=\"https://crest.com/en-us/oral-care-products/toothpaste/3d-white-arctic-fresh-toothpaste\"/>"
  },
  "/en-ca/oral-care-products/toothpaste/3d-white-brilliance-blast-toothpaste": {
    "url": "/en-ca/oral-care-products/toothpaste/3d-white-brilliance-blast-toothpaste",
    "enCA": "<xhtml:link rel=\"alternate\" hreflang=\"en-ca\" href=\"https://ca.crest.com/en-ca/oral-care-products/toothpaste/3d-white-brilliance-blast-toothpaste\"/>",
    "frCA": "<xhtml:link rel=\"alternate\" hreflang=\"fr-ca\" href=\"https://ca.crest.com/fr-ca/produits/dentifrice/3d-white-eclat-de-brillance\"/>",
    "enUS": "<xhtml:link rel=\"alternate\" hreflang=\"en-us\" href=\"https://crest.com/en-us/oral-care-products/toothpaste/3d-white-brilliance-blast-toothpaste\"/>"
  },
  "/en-ca/oral-care-products/toothpaste/3d-white-brilliance-charcoal-toothpaste": {
    "url": "/en-ca/oral-care-products/toothpaste/3d-white-brilliance-charcoal-toothpaste",
    "enCA": "<xhtml:link rel=\"alternate\" hreflang=\"en-ca\" href=\"https://ca.crest.com/en-ca/oral-care-products/toothpaste/3d-white-brilliance-charcoal-toothpaste\"/>",
    "frCA": "<xhtml:link rel=\"alternate\" hreflang=\"fr-ca\" href=\"https://ca.crest.com/fr-ca/produits/dentifrice/3d-white-brillance-charbon\"/>",
    "enUS": "<xhtml:link rel=\"alternate\" hreflang=\"en-us\" href=\"https://crest.com/en-us/oral-care-products/toothpaste/3d-white-brilliance-charcoal-toothpaste\"/>"
  },
  "/en-ca/oral-care-products/toothpaste/3d-white-brilliance-toothpaste-system": {
    "url": "/en-ca/oral-care-products/toothpaste/3d-white-brilliance-toothpaste-system",
    "enCA": "<xhtml:link rel=\"alternate\" hreflang=\"en-ca\" href=\"https://ca.crest.com/en-ca/oral-care-products/toothpaste/3d-white-brilliance-toothpaste-system\"/>",
    "frCA": "<xhtml:link rel=\"alternate\" hreflang=\"fr-ca\" href=\"https://ca.crest.com/fr-ca/produits/dentifrice/quotidien-de-nettoyant-et-blanchissant-3d-white-brillance\"/>"
  },
  "/en-ca/oral-care-products/toothpaste/3d-white-brilliance-vibrant-peppermint-toothpaste": {
    "url": "/en-ca/oral-care-products/toothpaste/3d-white-brilliance-vibrant-peppermint-toothpaste",
    "enCA": "<xhtml:link rel=\"alternate\" hreflang=\"en-ca\" href=\"https://ca.crest.com/en-ca/oral-care-products/toothpaste/3d-white-brilliance-vibrant-peppermint-toothpaste\"/>",
    "frCA": "<xhtml:link rel=\"alternate\" hreflang=\"fr-ca\" href=\"https://ca.crest.com/fr-ca/produits/dentifrice/3d-white-format-voyage-menthe-poivree\"/>"
  },
  "/en-ca/oral-care-products/toothpaste/3d-white-diamond-strong-toothpaste": {
    "url": "/en-ca/oral-care-products/toothpaste/3d-white-diamond-strong-toothpaste",
    "enCA": "<xhtml:link rel=\"alternate\" hreflang=\"en-ca\" href=\"https://ca.crest.com/en-ca/oral-care-products/toothpaste/3d-white-diamond-strong-toothpaste\"/>",
    "frCA": "<xhtml:link rel=\"alternate\" hreflang=\"fr-ca\" href=\"https://ca.crest.com/fr-ca/produits/dentifrice/3d-white-diamond-strong\"/>"
  },
  "/en-ca/oral-care-products/toothpaste/3d-white-glamorous-white-toothpaste": {
    "url": "/en-ca/oral-care-products/toothpaste/3d-white-glamorous-white-toothpaste",
    "enCA": "<xhtml:link rel=\"alternate\" hreflang=\"en-ca\" href=\"https://ca.crest.com/en-ca/oral-care-products/toothpaste/3d-white-glamorous-white-toothpaste\"/>",
    "frCA": "<xhtml:link rel=\"alternate\" hreflang=\"fr-ca\" href=\"https://ca.crest.com/fr-ca/produits/dentifrice/3d-white-blanc-eblouissant\"/>"
  },
  "/en-ca/oral-care-products/toothpaste/3d-white-radiant-mint-toothpaste": {
    "url": "/en-ca/oral-care-products/toothpaste/3d-white-radiant-mint-toothpaste",
    "enCA": "<xhtml:link rel=\"alternate\" hreflang=\"en-ca\" href=\"https://ca.crest.com/en-ca/oral-care-products/toothpaste/3d-white-radiant-mint-toothpaste\"/>",
    "frCA": "<xhtml:link rel=\"alternate\" hreflang=\"fr-ca\" href=\"https://ca.crest.com/fr-ca/produits/dentifrice/3d-white-eclat-de-menthe\"/>"
  },
  "/en-ca/oral-care-products/toothpaste/3d-white-whitening-therapy-toothpaste-charcoal": {
    "url": "/en-ca/oral-care-products/toothpaste/3d-white-whitening-therapy-toothpaste-charcoal",
    "enCA": "<xhtml:link rel=\"alternate\" hreflang=\"en-ca\" href=\"https://ca.crest.com/en-ca/oral-care-products/toothpaste/3d-white-whitening-therapy-toothpaste-charcoal\"/>",
    "frCA": "<xhtml:link rel=\"alternate\" hreflang=\"fr-ca\" href=\"https://ca.crest.com/fr-ca/produits/dentifrice/3d-white-dentifrice-therapie-blanchissante-charbon\"/>",
    "enUS": "<xhtml:link rel=\"alternate\" hreflang=\"en-us\" href=\"https://crest.com/en-us/oral-care-products/toothpaste/3d-white-whitening-therapy-toothpaste-charcoal\"/>"
  },
  "/en-ca/oral-care-products/toothpaste/3d-white-whitening-therapy-toothpaste-tea-tree-oil": {
    "url": "/en-ca/oral-care-products/toothpaste/3d-white-whitening-therapy-toothpaste-tea-tree-oil",
    "enCA": "<xhtml:link rel=\"alternate\" hreflang=\"en-ca\" href=\"https://ca.crest.com/en-ca/oral-care-products/toothpaste/3d-white-whitening-therapy-toothpaste-tea-tree-oil\"/>",
    "enUS": "<xhtml:link rel=\"alternate\" hreflang=\"en-us\" href=\"https://crest.com/en-us/oral-care-products/toothpaste/3d-white-whitening-therapy-toothpaste-tea-tree-oil\"/>"
  },
  "/en-ca/oral-care-products/toothpaste/advanced-gum-restore-deep-clean-toothpaste": {
    "url": "/en-ca/oral-care-products/toothpaste/advanced-gum-restore-deep-clean-toothpaste",
    "enCA": "<xhtml:link rel=\"alternate\" hreflang=\"en-ca\" href=\"https://ca.crest.com/en-ca/oral-care-products/toothpaste/advanced-gum-restore-deep-clean-toothpaste\"/>",
    "frCA": "<xhtml:link rel=\"alternate\" hreflang=\"fr-ca\" href=\"https://ca.crest.com/fr-ca/produits/dentrifice/nettoyant-en-profondeur-advanced-gum-restore\"/>",
    "enUS": "<xhtml:link rel=\"alternate\" hreflang=\"en-us\" href=\"https://crest.com/en-us/oral-care-products/toothpaste/advanced-gum-restore-deep-clean\"/>"
  },
  "/en-ca/oral-care-products/toothpaste/advanced-gum-restore-whitening-toothpaste": {
    "url": "/en-ca/oral-care-products/toothpaste/advanced-gum-restore-whitening-toothpaste",
    "enCA": "<xhtml:link rel=\"alternate\" hreflang=\"en-ca\" href=\"https://ca.crest.com/en-ca/oral-care-products/toothpaste/advanced-gum-restore-whitening-toothpaste\"/>",
    "frCA": "<xhtml:link rel=\"alternate\" hreflang=\"fr-ca\" href=\"https://ca.crest.com/fr-ca/produits/dentrifice/blanchissant-pro-health-advanced-gum-restore\"/>",
    "enUS": "<xhtml:link rel=\"alternate\" hreflang=\"en-us\" href=\"https://crest.com/en-us/oral-care-products/toothpaste/advanced-gum-restore-whitening\"/>"
  },
  "/en-ca/oral-care-products/toothpaste/cavity-protection-toothpaste": {
    "url": "/en-ca/oral-care-products/toothpaste/cavity-protection-toothpaste",
    "enCA": "<xhtml:link rel=\"alternate\" hreflang=\"en-ca\" href=\"https://ca.crest.com/en-ca/oral-care-products/toothpaste/cavity-protection-toothpaste\"/>",
    "frCA": "<xhtml:link rel=\"alternate\" hreflang=\"fr-ca\" href=\"https://ca.crest.com/fr-ca/produits/dentifrice/protection-anticarie\"/>"
  },
  "/en-ca/oral-care-products/toothpaste/complete-extra-whitening-clean-mint-toothpaste": {
    "url": "/en-ca/oral-care-products/toothpaste/complete-extra-whitening-clean-mint-toothpaste",
    "enCA": "<xhtml:link rel=\"alternate\" hreflang=\"en-ca\" href=\"https://ca.crest.com/en-ca/oral-care-products/toothpaste/complete-extra-whitening-clean-mint-toothpaste\"/>",
    "frCA": "<xhtml:link rel=\"alternate\" hreflang=\"fr-ca\" href=\"https://ca.crest.com/fr-ca/produits/dentifrice/complete-extra-blanchissant-a-la-menthe-vive\"/>"
  },
  "/en-ca/oral-care-products/toothpaste/complete-whitening-plus-deep-clean-toothpaste": {
    "url": "/en-ca/oral-care-products/toothpaste/complete-whitening-plus-deep-clean-toothpaste",
    "enCA": "<xhtml:link rel=\"alternate\" hreflang=\"en-ca\" href=\"https://ca.crest.com/en-ca/oral-care-products/toothpaste/complete-whitening-plus-deep-clean-toothpaste\"/>",
    "frCA": "<xhtml:link rel=\"alternate\" hreflang=\"fr-ca\" href=\"https://ca.crest.com/fr-ca/produits/dentifrice/complete-blanchissant-plus-nettoyage-en-profondeur\"/>"
  },
  "/en-ca/oral-care-products/toothpaste/complete-whitening-plus-scope-dual-blast-toothpaste": {
    "url": "/en-ca/oral-care-products/toothpaste/complete-whitening-plus-scope-dual-blast-toothpaste",
    "enCA": "<xhtml:link rel=\"alternate\" hreflang=\"en-ca\" href=\"https://ca.crest.com/en-ca/oral-care-products/toothpaste/complete-whitening-plus-scope-dual-blast-toothpaste\"/>",
    "frCA": "<xhtml:link rel=\"alternate\" hreflang=\"fr-ca\" href=\"https://ca.crest.com/fr-ca/produits/dentifrice/complete-blanchissant-plus-scope-dual-blast\"/>"
  },
  "/en-ca/oral-care-products/toothpaste/complete-whitening-plus-scope-outlast-toothpaste": {
    "url": "/en-ca/oral-care-products/toothpaste/complete-whitening-plus-scope-outlast-toothpaste",
    "enCA": "<xhtml:link rel=\"alternate\" hreflang=\"en-ca\" href=\"https://ca.crest.com/en-ca/oral-care-products/toothpaste/complete-whitening-plus-scope-outlast-toothpaste\"/>",
    "frCA": "<xhtml:link rel=\"alternate\" hreflang=\"fr-ca\" href=\"https://ca.crest.com/fr-ca/produits/dentifrice/complete-blanchissant-plus-scope-outlast\"/>"
  },
  "/en-ca/oral-care-products/toothpaste/complete-whitening-plus-scope-toothpaste": {
    "url": "/en-ca/oral-care-products/toothpaste/complete-whitening-plus-scope-toothpaste",
    "enCA": "<xhtml:link rel=\"alternate\" hreflang=\"en-ca\" href=\"https://ca.crest.com/en-ca/oral-care-products/toothpaste/complete-whitening-plus-scope-toothpaste\"/>",
    "frCA": "<xhtml:link rel=\"alternate\" hreflang=\"fr-ca\" href=\"https://ca.crest.com/fr-ca/produits/dentifrice/complete-blanchissant-plus-scope\"/>",
    "enUS": "<xhtml:link rel=\"alternate\" hreflang=\"en-us\" href=\"https://crest.com/en-us/oral-care-products/toothpaste/complete-whitening-plus-scope-toothpaste\"/>"
  },
  "/en-ca/oral-care-products/toothpaste/gum-detoxify-deep-clean-toothpaste": {
    "url": "/en-ca/oral-care-products/toothpaste/gum-detoxify-deep-clean-toothpaste",
    "enCA": "<xhtml:link rel=\"alternate\" hreflang=\"en-ca\" href=\"https://ca.crest.com/en-ca/oral-care-products/toothpaste/gum-detoxify-deep-clean-toothpaste\"/>",
    "frCA": "<xhtml:link rel=\"alternate\" hreflang=\"fr-ca\" href=\"https://ca.crest.com/fr-ca/produits/dentifrice/nettoyage-en-profondeur-gum-detoxify\"/>"
  },
  "/en-ca/oral-care-products/toothpaste/gum-detoxify-extra-fresh-toothpaste": {
    "url": "/en-ca/oral-care-products/toothpaste/gum-detoxify-extra-fresh-toothpaste",
    "enCA": "<xhtml:link rel=\"alternate\" hreflang=\"en-ca\" href=\"https://ca.crest.com/en-ca/oral-care-products/toothpaste/gum-detoxify-extra-fresh-toothpaste\"/>",
    "frCA": "<xhtml:link rel=\"alternate\" hreflang=\"fr-ca\" href=\"https://ca.crest.com/fr-ca/produits/dentifrice/fraicheur-extra-gum-detoxify\"/>"
  },
  "/en-ca/oral-care-products/toothpaste/gum-detoxify-gentle-whitening-toothpaste": {
    "url": "/en-ca/oral-care-products/toothpaste/gum-detoxify-gentle-whitening-toothpaste",
    "enCA": "<xhtml:link rel=\"alternate\" hreflang=\"en-ca\" href=\"https://ca.crest.com/en-ca/oral-care-products/toothpaste/gum-detoxify-gentle-whitening-toothpaste\"/>",
    "frCA": "<xhtml:link rel=\"alternate\" hreflang=\"fr-ca\" href=\"https://ca.crest.com/fr-ca/produits/dentifrice/doux-blanchiment-gum-detoxify\"/>",
    "enUS": "<xhtml:link rel=\"alternate\" hreflang=\"en-us\" href=\"https://crest.com/en-us/oral-care-products/toothpaste/gum-detoxify-gentle-whitening-toothpaste\"/>"
  },
  "/en-ca/oral-care-products/toothpaste/gum-enamel-repair-toothpaste-advanced-whitening": {
    "url": "/en-ca/oral-care-products/toothpaste/gum-enamel-repair-toothpaste-advanced-whitening",
    "enCA": "<xhtml:link rel=\"alternate\" hreflang=\"en-ca\" href=\"https://ca.crest.com/en-ca/oral-care-products/toothpaste/gum-enamel-repair-toothpaste-advanced-whitening\"/>",
    "frCA": "<xhtml:link rel=\"alternate\" hreflang=\"fr-ca\" href=\"https://ca.crest.com/fr-ca/produits/dentrifice/gencives-et-email-repares-blanchiment-avance\"/>",
    "enUS": "<xhtml:link rel=\"alternate\" hreflang=\"en-us\" href=\"https://crest.com/en-us/oral-care-products/toothpaste/gum-enamel-repair-toothpaste-advanced-whitening\"/>"
  },
  "/en-ca/oral-care-products/toothpaste/gum-sensitivity-all-day-protection-toothpaste": {
    "url": "/en-ca/oral-care-products/toothpaste/gum-sensitivity-all-day-protection-toothpaste",
    "enCA": "<xhtml:link rel=\"alternate\" hreflang=\"en-ca\" href=\"https://ca.crest.com/en-ca/oral-care-products/toothpaste/gum-sensitivity-all-day-protection-toothpaste\"/>",
    "enUS": "<xhtml:link rel=\"alternate\" hreflang=\"en-us\" href=\"https://crest.com/en-us/oral-care-products/toothpaste/gum-sensitivity-all-day-protection-toothpaste\"/>"
  },
  "/en-ca/oral-care-products/toothpaste/kids-sparkle-fun-toothpaste": {
    "url": "/en-ca/oral-care-products/toothpaste/kids-sparkle-fun-toothpaste",
    "enCA": "<xhtml:link rel=\"alternate\" hreflang=\"en-ca\" href=\"https://ca.crest.com/en-ca/oral-care-products/toothpaste/kids-sparkle-fun-toothpaste\"/>",
    "frCA": "<xhtml:link rel=\"alternate\" hreflang=\"fr-ca\" href=\"https://ca.crest.com/fr-ca/produits/dentifrice/pour-enfants-gel-etincelant\"/>",
    "enUS": "<xhtml:link rel=\"alternate\" hreflang=\"en-us\" href=\"https://crest.com/en-us/oral-care-products/toothpaste/kids-cavity-protection-sparkle-fun-flavor-toothpaste\"/>"
  },
  "/en-ca/oral-care-products/toothpaste/pro-health-advanced-extra-deep-clean-gel": {
    "url": "/en-ca/oral-care-products/toothpaste/pro-health-advanced-extra-deep-clean-gel",
    "enCA": "<xhtml:link rel=\"alternate\" hreflang=\"en-ca\" href=\"https://ca.crest.com/en-ca/oral-care-products/toothpaste/pro-health-advanced-extra-deep-clean-gel\"/>",
    "frCA": "<xhtml:link rel=\"alternate\" hreflang=\"fr-ca\" href=\"https://ca.crest.com/fr-ca/produits/dentifrice/pro-sante-avance-extra-nettoyant-en-profondeur-en-gel\"/>"
  },
  "/en-ca/oral-care-products/toothpaste/pro-health-advanced-extra-deep-clean-paste": {
    "url": "/en-ca/oral-care-products/toothpaste/pro-health-advanced-extra-deep-clean-paste",
    "enCA": "<xhtml:link rel=\"alternate\" hreflang=\"en-ca\" href=\"https://ca.crest.com/en-ca/oral-care-products/toothpaste/pro-health-advanced-extra-deep-clean-paste\"/>",
    "frCA": "<xhtml:link rel=\"alternate\" hreflang=\"fr-ca\" href=\"https://ca.crest.com/fr-ca/produits/dentifrice/pro-sante-avance-extra-nettoyant-en-profondeur\"/>"
  },
  "/en-ca/oral-care-products/toothpaste/pro-health-advanced-extra-whitening-power-freshness-toothpaste": {
    "url": "/en-ca/oral-care-products/toothpaste/pro-health-advanced-extra-whitening-power-freshness-toothpaste",
    "enCA": "<xhtml:link rel=\"alternate\" hreflang=\"en-ca\" href=\"https://ca.crest.com/en-ca/oral-care-products/toothpaste/pro-health-advanced-extra-whitening-power-freshness-toothpaste\"/>",
    "frCA": "<xhtml:link rel=\"alternate\" hreflang=\"fr-ca\" href=\"https://ca.crest.com/fr-ca/produits/dentifrice/pro-sante-avance-pouvoir-extra-blanchissant-plus-fraicheur\"/>",
    "enUS": "<xhtml:link rel=\"alternate\" hreflang=\"en-us\" href=\"https://crest.com/en-us/oral-care-products/toothpaste/pro-health-advanced-whitening-power\"/>"
  },
  "/en-ca/oral-care-products/toothpaste/pro-health-advanced-gum-protection-toothpaste": {
    "url": "/en-ca/oral-care-products/toothpaste/pro-health-advanced-gum-protection-toothpaste",
    "enCA": "<xhtml:link rel=\"alternate\" hreflang=\"en-ca\" href=\"https://ca.crest.com/en-ca/oral-care-products/toothpaste/pro-health-advanced-gum-protection-toothpaste\"/>",
    "frCA": "<xhtml:link rel=\"alternate\" hreflang=\"fr-ca\" href=\"https://ca.crest.com/fr-ca/produits/dentifrice/pro-sante-avance-protection-des-gencives\"/>",
    "enUS": "<xhtml:link rel=\"alternate\" hreflang=\"en-us\" href=\"https://crest.com/en-us/oral-care-products/toothpaste/pro-health-advanced-gum-protection\"/>"
  },
  "/en-ca/oral-care-products/toothpaste/pro-health-extra-whitening-power-toothpaste": {
    "url": "/en-ca/oral-care-products/toothpaste/pro-health-extra-whitening-power-toothpaste",
    "enCA": "<xhtml:link rel=\"alternate\" hreflang=\"en-ca\" href=\"https://ca.crest.com/en-ca/oral-care-products/toothpaste/pro-health-extra-whitening-power-toothpaste\"/>",
    "frCA": "<xhtml:link rel=\"alternate\" hreflang=\"fr-ca\" href=\"https://ca.crest.com/fr-ca/produits/dentifrice/pro-sante-pouvoir-extra-blanchissant\"/>"
  },
  "/en-ca/oral-care-products/toothpaste/pro-health-for-me-star-wars-toothpaste": {
    "url": "/en-ca/oral-care-products/toothpaste/pro-health-for-me-star-wars-toothpaste",
    "enCA": "<xhtml:link rel=\"alternate\" hreflang=\"en-ca\" href=\"https://ca.crest.com/en-ca/oral-care-products/toothpaste/pro-health-for-me-star-wars-toothpaste\"/>",
    "frCA": "<xhtml:link rel=\"alternate\" hreflang=\"fr-ca\" href=\"https://ca.crest.com/fr-ca/produits/dentifrice/pro-sante-pour-moi-star-wars\"/>",
    "enUS": "<xhtml:link rel=\"alternate\" hreflang=\"en-us\" href=\"https://crest.com/en-us/oral-care-products/toothpaste/star-wars-bubblegum-toothpaste\"/>"
  },
  "/en-ca/oral-care-products/toothpaste/pro-health-intense-peppermint-toothpaste": {
    "url": "/en-ca/oral-care-products/toothpaste/pro-health-intense-peppermint-toothpaste",
    "enCA": "<xhtml:link rel=\"alternate\" hreflang=\"en-ca\" href=\"https://ca.crest.com/en-ca/oral-care-products/toothpaste/pro-health-intense-peppermint-toothpaste\"/>",
    "frCA": "<xhtml:link rel=\"alternate\" hreflang=\"fr-ca\" href=\"https://ca.crest.com/fr-ca/produits/dentifrice/pro-sante-a-la-menthe-poivree-intense\"/>"
  },
  "/en-ca/oral-care-products/toothpaste/pro-health-original-clean-mint-toothpaste": {
    "url": "/en-ca/oral-care-products/toothpaste/pro-health-original-clean-mint-toothpaste",
    "enCA": "<xhtml:link rel=\"alternate\" hreflang=\"en-ca\" href=\"https://ca.crest.com/en-ca/oral-care-products/toothpaste/pro-health-original-clean-mint-toothpaste\"/>",
    "frCA": "<xhtml:link rel=\"alternate\" hreflang=\"fr-ca\" href=\"https://ca.crest.com/fr-ca/produits/dentifrice/pro-sante-original-a-la-menthe-vive\"/>"
  },
  "/en-ca/oral-care-products/toothpaste/pro-health-sensitive-and-enamel-shield-toothpaste": {
    "url": "/en-ca/oral-care-products/toothpaste/pro-health-sensitive-and-enamel-shield-toothpaste",
    "enCA": "<xhtml:link rel=\"alternate\" hreflang=\"en-ca\" href=\"https://ca.crest.com/en-ca/oral-care-products/toothpaste/pro-health-sensitive-and-enamel-shield-toothpaste\"/>",
    "frCA": "<xhtml:link rel=\"alternate\" hreflang=\"fr-ca\" href=\"https://ca.crest.com/fr-ca/produits/dentifrice/pro-sante-dents-sensibles-et-protege-email\"/>",
    "enUS": "<xhtml:link rel=\"alternate\" hreflang=\"en-us\" href=\"https://crest.com/en-us/oral-care-products/toothpaste/pro-health-sensitive-and-enamel-shield\"/>"
  },
  "/en-ca/oral-care-products/toothpaste/pro-health-stages-princess-bubblegum-toothpaste": {
    "url": "/en-ca/oral-care-products/toothpaste/pro-health-stages-princess-bubblegum-toothpaste",
    "enCA": "<xhtml:link rel=\"alternate\" hreflang=\"en-ca\" href=\"https://ca.crest.com/en-ca/oral-care-products/toothpaste/pro-health-stages-princess-bubblegum-toothpaste\"/>",
    "frCA": "<xhtml:link rel=\"alternate\" hreflang=\"fr-ca\" href=\"https://ca.crest.com/fr-ca/produits/dentifrice/pro-sante-stages-princesse-chewing-gum\"/>"
  },
  "/en-ca/oral-care-products/toothpaste/sensi-repair-and-prevent-toothpaste": {
    "url": "/en-ca/oral-care-products/toothpaste/sensi-repair-and-prevent-toothpaste",
    "enCA": "<xhtml:link rel=\"alternate\" hreflang=\"en-ca\" href=\"https://ca.crest.com/en-ca/oral-care-products/toothpaste/sensi-repair-and-prevent-toothpaste\"/>",
    "frCA": "<xhtml:link rel=\"alternate\" hreflang=\"fr-ca\" href=\"https://ca.crest.com/fr-ca/produits/dentifrice/sensibilite-prevention-et-reparation\"/>"
  },
  "/en-ca/oral-care-products/toothpaste/tartar-protection-toothpaste": {
    "url": "/en-ca/oral-care-products/toothpaste/tartar-protection-toothpaste",
    "enCA": "<xhtml:link rel=\"alternate\" hreflang=\"en-ca\" href=\"https://ca.crest.com/en-ca/oral-care-products/toothpaste/tartar-protection-toothpaste\"/>",
    "frCA": "<xhtml:link rel=\"alternate\" hreflang=\"fr-ca\" href=\"https://ca.crest.com/fr-ca/produits/dentifrice/protection-antitartre\"/>",
    "enUS": "<xhtml:link rel=\"alternate\" hreflang=\"en-us\" href=\"https://crest.com/en-us/oral-care-products/toothpaste/tartar-protection-whitening-toothpaste\"/>"
  },
  "/en-ca/oral-care-tips/faqs/3d-whitestrips": {
    "url": "/en-ca/oral-care-tips/faqs/3d-whitestrips",
    "enCA": "<xhtml:link rel=\"alternate\" hreflang=\"en-ca\" href=\"https://ca.crest.com/en-ca/oral-care-tips/faqs/3d-whitestrips\"/>",
    "frCA": "<xhtml:link rel=\"alternate\" hreflang=\"fr-ca\" href=\"https://ca.crest.com/fr-ca/conseils-pour-soins-buccodentaires/faqs/whitestrips\"/>",
    "enUS": "<xhtml:link rel=\"alternate\" hreflang=\"en-us\" href=\"https://crest.com/en-us/oral-care-tips/faqs/whitening\"/>"
  },
  "/en-ca/oral-care-tips/faqs/mouthwash": {
    "url": "/en-ca/oral-care-tips/faqs/mouthwash",
    "enCA": "<xhtml:link rel=\"alternate\" hreflang=\"en-ca\" href=\"https://ca.crest.com/en-ca/oral-care-tips/faqs/mouthwash\"/>",
    "frCA": "<xhtml:link rel=\"alternate\" hreflang=\"fr-ca\" href=\"https://ca.crest.com/fr-ca/conseils-pour-soins-buccodentaires/faqs/rince-bouche\"/>",
    "enUS": "<xhtml:link rel=\"alternate\" hreflang=\"en-us\" href=\"https://crest.com/en-us/oral-care-tips/faqs/mouthwash\"/>"
  },
  "/en-ca/oral-care-tips/faqs/toothpaste": {
    "url": "/en-ca/oral-care-tips/faqs/toothpaste",
    "enCA": "<xhtml:link rel=\"alternate\" hreflang=\"en-ca\" href=\"https://ca.crest.com/en-ca/oral-care-tips/faqs/toothpaste\"/>",
    "frCA": "<xhtml:link rel=\"alternate\" hreflang=\"fr-ca\" href=\"https://ca.crest.com/fr-ca/conseils-pour-soins-buccodentaires/faqs/dentifrice\"/>",
    "enUS": "<xhtml:link rel=\"alternate\" hreflang=\"en-us\" href=\"https://crest.com/en-us/oral-care-tips/faqs/toothpaste\"/>"
  },
  "/en-ca/oral-care-tips": {
    "url": "/en-ca/oral-care-tips",
    "enCA": "<xhtml:link rel=\"alternate\" hreflang=\"en-ca\" href=\"https://ca.crest.com/en-ca/oral-care-tips\"/>",
    "frCA": "<xhtml:link rel=\"alternate\" hreflang=\"fr-ca\" href=\"https://ca.crest.com/fr-ca/conseils-pour-soins-buccodentaires\"/>",
    "enUS": "<xhtml:link rel=\"alternate\" hreflang=\"en-us\" href=\"https://crest.com/en-us/oral-care-tips/\"/>"
  },
  "/en-ca/oral-care-tips/teeth-whitening": {
    "url": "/en-ca/oral-care-tips/teeth-whitening",
    "enCA": "<xhtml:link rel=\"alternate\" hreflang=\"en-ca\" href=\"https://ca.crest.com/en-ca/oral-care-tips/teeth-whitening\"/>",
    "frCA": "<xhtml:link rel=\"alternate\" hreflang=\"fr-ca\" href=\"https://ca.crest.com/fr-ca/conseils-pour-soins-buccodentaires/blanchiment-des-dents\"/>",
    "enUS": "<xhtml:link rel=\"alternate\" hreflang=\"en-us\" href=\"https://crest.com/en-us/oral-care-tips/tag/teeth-whitening\"/>"
  },
  "/en-ca/oral-care-tips/cavities-and-tooth-decay": {
    "url": "/en-ca/oral-care-tips/cavities-and-tooth-decay",
    "enCA": "<xhtml:link rel=\"alternate\" hreflang=\"en-ca\" href=\"https://ca.crest.com/en-ca/oral-care-tips/cavities-and-tooth-decay\"/>",
    "frCA": "<xhtml:link rel=\"alternate\" hreflang=\"fr-ca\" href=\"https://ca.crest.com/fr-ca/conseils-pour-soins-buccodentaires/carie-dentaire\"/>",
    "enUS": "<xhtml:link rel=\"alternate\" hreflang=\"en-us\" href=\"https://crest.com/en-us/oral-care-tips/tag/cavities-and-tooth-decay\"/>"
  },
  "/en-ca/oral-care-tips/toothpaste": {
    "url": "/en-ca/oral-care-tips/toothpaste",
    "enCA": "<xhtml:link rel=\"alternate\" hreflang=\"en-ca\" href=\"https://ca.crest.com/en-ca/oral-care-tips/toothpaste\"/>",
    "frCA": "<xhtml:link rel=\"alternate\" hreflang=\"fr-ca\" href=\"https://ca.crest.com/fr-ca/conseils-pour-soins-buccodentaires/dentifrice\"/>",
    "enUS": "<xhtml:link rel=\"alternate\" hreflang=\"en-us\" href=\"https://crest.com/en-us/oral-care-tips/tag/toothpaste\"/>"
  },
  "/en-ca/oral-care-tips/teeth-sensitivity": {
    "url": "/en-ca/oral-care-tips/teeth-sensitivity",
    "enCA": "<xhtml:link rel=\"alternate\" hreflang=\"en-ca\" href=\"https://ca.crest.com/en-ca/oral-care-tips/teeth-sensitivity\"/>",
    "frCA": "<xhtml:link rel=\"alternate\" hreflang=\"fr-ca\" href=\"https://ca.crest.com/fr-ca/conseils-pour-soins-buccodentaires/dents-sensibles\"/>",
    "enUS": "<xhtml:link rel=\"alternate\" hreflang=\"en-us\" href=\"https://crest.com/en-us/oral-care-tips/tag/teeth-sensitivity\"/>"
  },
  "/en-ca/oral-care-tips/life-stages": {
    "url": "/en-ca/oral-care-tips/life-stages",
    "enCA": "<xhtml:link rel=\"alternate\" hreflang=\"en-ca\" href=\"https://ca.crest.com/en-ca/oral-care-tips/life-stages\"/>",
    "frCA": "<xhtml:link rel=\"alternate\" hreflang=\"fr-ca\" href=\"https://ca.crest.com/fr-ca/conseils-pour-soins-buccodentaires/etapes-de-vie\"/>",
    "enUS": "<xhtml:link rel=\"alternate\" hreflang=\"en-us\" href=\"https://crest.com/en-us/oral-care-tips/tag/life-stages\"/>"
  },
  "/en-ca/oral-care-tips/oral-hygiene": {
    "url": "/en-ca/oral-care-tips/oral-hygiene",
    "enCA": "<xhtml:link rel=\"alternate\" hreflang=\"en-ca\" href=\"https://ca.crest.com/en-ca/oral-care-tips/oral-hygiene\"/>",
    "frCA": "<xhtml:link rel=\"alternate\" hreflang=\"fr-ca\" href=\"https://ca.crest.com/fr-ca/conseils-pour-soins-buccodentaires/hygiene-buccodentaire\"/>",
    "enUS": "<xhtml:link rel=\"alternate\" hreflang=\"en-us\" href=\"https://crest.com/en-us/oral-care-tips/tag/oral-hygiene\"/>"
  },
  "/en-ca/oral-care-tips/kids": {
    "url": "/en-ca/oral-care-tips/kids",
    "enCA": "<xhtml:link rel=\"alternate\" hreflang=\"en-ca\" href=\"https://ca.crest.com/en-ca/oral-care-tips/kids\"/>",
    "frCA": "<xhtml:link rel=\"alternate\" hreflang=\"fr-ca\" href=\"https://ca.crest.com/fr-ca/conseils-pour-soins-buccodentaires/hygiene-dentaire-des-enfants\"/>",
    "enUS": "<xhtml:link rel=\"alternate\" hreflang=\"en-us\" href=\"https://crest.com/en-us/oral-care-tips/tag/kids-oral-health\"/>"
  },
  "/en-ca/oral-care-tips/mouthwash": {
    "url": "/en-ca/oral-care-tips/mouthwash",
    "enCA": "<xhtml:link rel=\"alternate\" hreflang=\"en-ca\" href=\"https://ca.crest.com/en-ca/oral-care-tips/mouthwash\"/>",
    "frCA": "<xhtml:link rel=\"alternate\" hreflang=\"fr-ca\" href=\"https://ca.crest.com/fr-ca/conseils-pour-soins-buccodentaires/rince-bouche\"/>",
    "enUS": "<xhtml:link rel=\"alternate\" hreflang=\"en-us\" href=\"https://crest.com/en-us/oral-care-tips/tag/mouthwash\"/>"
  },
  "/en-ca/oral-care-tips/gum-health": {
    "url": "/en-ca/oral-care-tips/gum-health",
    "enCA": "<xhtml:link rel=\"alternate\" hreflang=\"en-ca\" href=\"https://ca.crest.com/en-ca/oral-care-tips/gum-health\"/>",
    "frCA": "<xhtml:link rel=\"alternate\" hreflang=\"fr-ca\" href=\"https://ca.crest.com/fr-ca/conseils-pour-soins-buccodentaires/sante-des-gencives\"/>",
    "enUS": "<xhtml:link rel=\"alternate\" hreflang=\"en-us\" href=\"https://crest.com/en-us/oral-care-tips/tag/gum-health\"/>"
  },
  "/en-ca/oral-care-tips/solutions": {
    "url": "/en-ca/oral-care-tips/solutions",
    "enCA": "<xhtml:link rel=\"alternate\" hreflang=\"en-ca\" href=\"https://ca.crest.com/en-ca/oral-care-tips/solutions\"/>",
    "frCA": "<xhtml:link rel=\"alternate\" hreflang=\"fr-ca\" href=\"https://ca.crest.com/fr-ca/conseils-pour-soins-buccodentaires/solutions\"/>",
    "enUS": "<xhtml:link rel=\"alternate\" hreflang=\"en-us\" href=\"https://crest.com/en-us/oral-care-tips/tag/solutions\"/>"
  },
  "/en-ca/oral-care-tips/tartar-and-plaque": {
    "url": "/en-ca/oral-care-tips/tartar-and-plaque",
    "enCA": "<xhtml:link rel=\"alternate\" hreflang=\"en-ca\" href=\"https://ca.crest.com/en-ca/oral-care-tips/tartar-and-plaque\"/>",
    "frCA": "<xhtml:link rel=\"alternate\" hreflang=\"fr-ca\" href=\"https://ca.crest.com/fr-ca/conseils-pour-soins-buccodentaires/plaque-et-tartre\"/>",
    "enUS": "<xhtml:link rel=\"alternate\" hreflang=\"en-us\" href=\"https://crest.com/en-us/oral-care-tips/tag/tartar-and-plaque\"/>"
  },
  "/en-ca/oral-care-tips/cavities-and-tooth-decay/tooth-cavities-causes-treatment-prevention": {
    "url": "/en-ca/oral-care-tips/cavities-and-tooth-decay/tooth-cavities-causes-treatment-prevention",
    "enCA": "<xhtml:link rel=\"alternate\" hreflang=\"en-ca\" href=\"https://ca.crest.com/en-ca/oral-care-tips/cavities-and-tooth-decay/tooth-cavities-causes-treatment-prevention\"/>",
    "frCA": "<xhtml:link rel=\"alternate\" hreflang=\"fr-ca\" href=\"https://ca.crest.com/fr-ca/conseils-pour-soins-buccodentaires/carie-dentaire/cause-symptome-et-prevention-des-caries-dentaires\"/>"
  },
  "/en-ca/oral-care-tips/gum-health/bleeding-gums-causes-treatments-prevention": {
    "url": "/en-ca/oral-care-tips/gum-health/bleeding-gums-causes-treatments-prevention",
    "enCA": "<xhtml:link rel=\"alternate\" hreflang=\"en-ca\" href=\"https://ca.crest.com/en-ca/oral-care-tips/gum-health/bleeding-gums-causes-treatments-prevention\"/>",
    "frCA": "<xhtml:link rel=\"alternate\" hreflang=\"fr-ca\" href=\"https://ca.crest.com/fr-ca/conseils-pour-soins-buccodentaires/sante-des-gencives/causes-traitements-et-prevention-du-saignement-des-gencives\"/>",
    "enUS": "<xhtml:link rel=\"alternate\" hreflang=\"en-us\" href=\"https://crest.com/en-us/oral-care-tips/gum-health/bleeding-gums-causes-treatments-prevention\"/>"
  },
  "/en-ca/oral-care-tips/gum-health/canker-sores-causes-relief-treatments": {
    "url": "/en-ca/oral-care-tips/gum-health/canker-sores-causes-relief-treatments",
    "enCA": "<xhtml:link rel=\"alternate\" hreflang=\"en-ca\" href=\"https://ca.crest.com/en-ca/oral-care-tips/gum-health/canker-sores-causes-relief-treatments\"/>",
    "frCA": "<xhtml:link rel=\"alternate\" hreflang=\"fr-ca\" href=\"https://ca.crest.com/fr-ca/conseils-pour-soins-buccodentaires/hygiene-buccodentaire/causes-remedes-traitements-aphtes-buccaux\"/>",
    "enUS": "<xhtml:link rel=\"alternate\" hreflang=\"en-us\" href=\"https://crest.com/en-us/oral-care-tips/gum-health/canker-sores-causes-relief-treatments\"/>"
  },
  "/en-ca/oral-care-tips/gum-health/crest-gum-detoxify-kill-mouth-bacteria": {
    "url": "/en-ca/oral-care-tips/gum-health/crest-gum-detoxify-kill-mouth-bacteria",
    "enCA": "<xhtml:link rel=\"alternate\" hreflang=\"en-ca\" href=\"https://ca.crest.com/en-ca/oral-care-tips/gum-health/crest-gum-detoxify-kill-mouth-bacteria\"/>",
    "frCA": "<xhtml:link rel=\"alternate\" hreflang=\"fr-ca\" href=\"https://ca.crest.com/fr-ca/conseils-pour-soins-buccodentaires/sante-des-gencives/eliminer-les-bacteries-buccales-crest-gum-detoxify\"/>",
    "enUS": "<xhtml:link rel=\"alternate\" hreflang=\"en-us\" href=\"https://crest.com/en-us/oral-care-tips/gum-health/crest-gum-detoxify-kill-mouth-bacteria\"/>"
  },
  "/en-ca/oral-care-tips/gum-health/gingivitis-home-treatment": {
    "url": "/en-ca/oral-care-tips/gum-health/gingivitis-home-treatment",
    "enCA": "<xhtml:link rel=\"alternate\" hreflang=\"en-ca\" href=\"https://ca.crest.com/en-ca/oral-care-tips/gum-health/gingivitis-home-treatment\"/>",
    "frCA": "<xhtml:link rel=\"alternate\" hreflang=\"fr-ca\" href=\"https://ca.crest.com/fr-ca/conseils-pour-soins-buccodentaires/sante-des-gencives/prevenir-et-traiter-la-gingivite-a-domicile\"/>",
    "enUS": "<xhtml:link rel=\"alternate\" hreflang=\"en-us\" href=\"https://crest.com/en-us/oral-care-tips/gum-health/gingivitis-home-treatment\"/>"
  },
  "/en-ca/oral-care-tips/gum-health/gingivitis-symptoms-causes-treatments": {
    "url": "/en-ca/oral-care-tips/gum-health/gingivitis-symptoms-causes-treatments",
    "enCA": "<xhtml:link rel=\"alternate\" hreflang=\"en-ca\" href=\"https://ca.crest.com/en-ca/oral-care-tips/gum-health/gingivitis-symptoms-causes-treatments\"/>",
    "frCA": "<xhtml:link rel=\"alternate\" hreflang=\"fr-ca\" href=\"https://ca.crest.com/fr-ca/conseils-pour-soins-buccodentaires/sante-des-gencives/symptomes-causes-prevention-de-la-gingivite\"/>",
    "enUS": "<xhtml:link rel=\"alternate\" hreflang=\"en-us\" href=\"https://crest.com/en-us/oral-care-tips/gum-health/gingivitis-symptoms-causes-treatments\"/>"
  },
  "/en-ca/oral-care-tips/gum-health/gingivitis-symptoms-treatments-during-pregnancy": {
    "url": "/en-ca/oral-care-tips/gum-health/gingivitis-symptoms-treatments-during-pregnancy",
    "enCA": "<xhtml:link rel=\"alternate\" hreflang=\"en-ca\" href=\"https://ca.crest.com/en-ca/oral-care-tips/gum-health/gingivitis-symptoms-treatments-during-pregnancy\"/>",
    "frCA": "<xhtml:link rel=\"alternate\" hreflang=\"fr-ca\" href=\"https://ca.crest.com/fr-ca/conseils-pour-soins-buccodentaires/sante-des-gencives/symptomes-et-traitements-de-la-gingivite-de-grossesse\"/>",
    "enUS": "<xhtml:link rel=\"alternate\" hreflang=\"en-us\" href=\"https://crest.com/en-us/oral-care-tips/gum-health/pregnancy-gingivitis-symptoms-treatments-during-pregnancy\"/>"
  },
  "/en-ca/oral-care-tips/gum-health/gum-disease-pictures-what-do-healthy-gums-look-like": {
    "url": "/en-ca/oral-care-tips/gum-health/gum-disease-pictures-what-do-healthy-gums-look-like",
    "enCA": "<xhtml:link rel=\"alternate\" hreflang=\"en-ca\" href=\"https://ca.crest.com/en-ca/oral-care-tips/gum-health/gum-disease-pictures-what-do-healthy-gums-look-like\"/>",
    "frCA": "<xhtml:link rel=\"alternate\" hreflang=\"fr-ca\" href=\"https://ca.crest.com/fr-ca/conseils-pour-soins-buccodentaires/sante-des-gencives/images-de-maladies-des-gencives\"/>",
    "enUS": "<xhtml:link rel=\"alternate\" hreflang=\"en-us\" href=\"https://crest.com/en-us/oral-care-tips/gum-health/gum-disease-pictures-what-do-healthy-gums-look-like\"/>"
  },
  "/en-ca/oral-care-tips/gum-health/gum-disease-symptoms-causes-treatments": {
    "url": "/en-ca/oral-care-tips/gum-health/gum-disease-symptoms-causes-treatments",
    "enCA": "<xhtml:link rel=\"alternate\" hreflang=\"en-ca\" href=\"https://ca.crest.com/en-ca/oral-care-tips/gum-health/gum-disease-symptoms-causes-treatments\"/>",
    "enUS": "<xhtml:link rel=\"alternate\" hreflang=\"en-us\" href=\"https://crest.com/en-us/oral-care-tips/gum-health/gum-disease-symptoms-causes-treatments\"/>"
  },
  "/en-ca/oral-care-tips/gum-health/gum-infection-symptoms-treatment-prevention": {
    "url": "/en-ca/oral-care-tips/gum-health/gum-infection-symptoms-treatment-prevention",
    "enCA": "<xhtml:link rel=\"alternate\" hreflang=\"en-ca\" href=\"https://ca.crest.com/en-ca/oral-care-tips/gum-health/gum-infection-symptoms-treatment-prevention\"/>",
    "frCA": "<xhtml:link rel=\"alternate\" hreflang=\"fr-ca\" href=\"https://ca.crest.com/fr-ca/conseils-pour-soins-buccodentaires/sante-des-gencives/symptomes-traitements-et-prevention-infection-des-gencives\"/>",
    "enUS": "<xhtml:link rel=\"alternate\" hreflang=\"en-us\" href=\"https://crest.com/en-us/oral-care-tips/gum-health/gum-infection-symptoms-treatment-prevention\"/>"
  },
  "/en-ca/oral-care-tips/gum-health/gum-pain-causes-relief-treatments": {
    "url": "/en-ca/oral-care-tips/gum-health/gum-pain-causes-relief-treatments",
    "enCA": "<xhtml:link rel=\"alternate\" hreflang=\"en-ca\" href=\"https://ca.crest.com/en-ca/oral-care-tips/gum-health/gum-pain-causes-relief-treatments\"/>",
    "enUS": "<xhtml:link rel=\"alternate\" hreflang=\"en-us\" href=\"https://crest.com/en-us/oral-care-tips/gum-health/gum-pain-causes-relief-treatments\"/>"
  },
  "/en-ca/oral-care-tips/gum-health/inflamed-gums-causes-treatments-gum-swelling": {
    "url": "/en-ca/oral-care-tips/gum-health/inflamed-gums-causes-treatments-gum-swelling",
    "enCA": "<xhtml:link rel=\"alternate\" hreflang=\"en-ca\" href=\"https://ca.crest.com/en-ca/oral-care-tips/gum-health/inflamed-gums-causes-treatments-gum-swelling\"/>",
    "frCA": "<xhtml:link rel=\"alternate\" hreflang=\"fr-ca\" href=\"https://ca.crest.com/fr-ca/conseils-pour-soins-buccodentaires/sante-des-gencives/causes-et-traitements-de-inflammation-des-gencives\"/>",
    "enUS": "<xhtml:link rel=\"alternate\" hreflang=\"en-us\" href=\"https://crest.com/en-us/oral-care-tips/gum-health/inflamed-gums-causes-treatments-gum-swelling\"/>"
  },
  "/en-ca/oral-care-tips/gum-health/leukoplakia-white-gums": {
    "url": "/en-ca/oral-care-tips/gum-health/leukoplakia-white-gums",
    "enCA": "<xhtml:link rel=\"alternate\" hreflang=\"en-ca\" href=\"https://ca.crest.com/en-ca/oral-care-tips/gum-health/leukoplakia-white-gums\"/>",
    "frCA": "<xhtml:link rel=\"alternate\" hreflang=\"fr-ca\" href=\"https://ca.crest.com/fr-ca/conseils-pour-soins-buccodentaires/sante-des-gencives/traitement-pour-leucoplasie-gencives-blanches\"/>",
    "enUS": "<xhtml:link rel=\"alternate\" hreflang=\"en-us\" href=\"https://crest.com/en-us/oral-care-tips/gum-health/leukoplakia-white-gums\"/>"
  },
  "/en-ca/oral-care-tips/gum-health/periodontitis-symptoms-causes-treatments": {
    "url": "/en-ca/oral-care-tips/gum-health/periodontitis-symptoms-causes-treatments",
    "enCA": "<xhtml:link rel=\"alternate\" hreflang=\"en-ca\" href=\"https://ca.crest.com/en-ca/oral-care-tips/gum-health/periodontitis-symptoms-causes-treatments\"/>",
    "frCA": "<xhtml:link rel=\"alternate\" hreflang=\"fr-ca\" href=\"https://ca.crest.com/fr-ca/conseils-pour-soins-buccodentaires/sante-des-gencives/symptomes-causes-et-traitements-de-la-parodontite\"/>",
    "enUS": "<xhtml:link rel=\"alternate\" hreflang=\"en-us\" href=\"https://crest.com/en-us/oral-care-tips/gum-health/periodontitis-symptoms-causes-treatments\"/>"
  },
  "/en-ca/oral-care-tips/gum-health/receding-gums-causes-treatments": {
    "url": "/en-ca/oral-care-tips/gum-health/receding-gums-causes-treatments",
    "enCA": "<xhtml:link rel=\"alternate\" hreflang=\"en-ca\" href=\"https://ca.crest.com/en-ca/oral-care-tips/gum-health/receding-gums-causes-treatments\"/>",
    "frCA": "<xhtml:link rel=\"alternate\" hreflang=\"fr-ca\" href=\"https://ca.crest.com/fr-ca/conseils-pour-soins-buccodentaires/sante-des-gencives/causes-et-traitements-de-la-recession-gingivale\"/>",
    "enUS": "<xhtml:link rel=\"alternate\" hreflang=\"en-us\" href=\"https://crest.com/en-us/oral-care-tips/gum-health/receding-gums-causes-treatments\"/>"
  },
  "/en-ca/oral-care-tips/kids/about-kids-crest-products": {
    "url": "/en-ca/oral-care-tips/kids/about-kids-crest-products",
    "enCA": "<xhtml:link rel=\"alternate\" hreflang=\"en-ca\" href=\"https://ca.crest.com/en-ca/oral-care-tips/kids/about-kids-crest-products\"/>",
    "frCA": "<xhtml:link rel=\"alternate\" hreflang=\"fr-ca\" href=\"https://ca.crest.com/fr-ca/conseils-pour-soins-buccodentaires/hygiene-dentaire-des-enfants/a-propos-des-produits-crest-pour-enfants\"/>"
  },
  "/en-ca/oral-care-tips/kids/a-fun-eggsperiment": {
    "url": "/en-ca/oral-care-tips/kids/a-fun-eggsperiment",
    "enCA": "<xhtml:link rel=\"alternate\" hreflang=\"en-ca\" href=\"https://ca.crest.com/en-ca/oral-care-tips/kids/a-fun-eggsperiment\"/>",
    "frCA": "<xhtml:link rel=\"alternate\" hreflang=\"fr-ca\" href=\"https://ca.crest.com/fr-ca/conseils-pour-soins-buccodentaires/hygiene-dentaire-des-enfants/l-experience-amusante-de-loeuf\"/>"
  },
  "/en-ca/oral-care-tips/kids/caring-for-kids-teeth": {
    "url": "/en-ca/oral-care-tips/kids/caring-for-kids-teeth",
    "enCA": "<xhtml:link rel=\"alternate\" hreflang=\"en-ca\" href=\"https://ca.crest.com/en-ca/oral-care-tips/kids/caring-for-kids-teeth\"/>",
    "frCA": "<xhtml:link rel=\"alternate\" hreflang=\"fr-ca\" href=\"https://ca.crest.com/fr-ca/conseils-pour-soins-buccodentaires/hygiene-dentaire-des-enfants/prendre-soin-des-dents-enfants\"/>"
  },
  "/en-ca/oral-care-tips/mouthwash/best-mouthwash-for-gingivitis-gum-disease": {
    "url": "/en-ca/oral-care-tips/mouthwash/best-mouthwash-for-gingivitis-gum-disease",
    "enCA": "<xhtml:link rel=\"alternate\" hreflang=\"en-ca\" href=\"https://ca.crest.com/en-ca/oral-care-tips/mouthwash/best-mouthwash-for-gingivitis-gum-disease\"/>",
    "frCA": "<xhtml:link rel=\"alternate\" hreflang=\"fr-ca\" href=\"https://ca.crest.com/fr-ca/conseils-pour-soins-buccodentaires/rince-bouche/meilleur-rince-bouche-pour-gingivite\"/>",
    "enUS": "<xhtml:link rel=\"alternate\" hreflang=\"en-us\" href=\"https://crest.com/en-us/oral-care-tips/mouthwash/best-mouthwash-for-gingivitis-gum-disease\"/>"
  },
  "/en-ca/oral-care-tips/oral-hygiene/dental-emergencies": {
    "url": "/en-ca/oral-care-tips/oral-hygiene/dental-emergencies",
    "enCA": "<xhtml:link rel=\"alternate\" hreflang=\"en-ca\" href=\"https://ca.crest.com/en-ca/oral-care-tips/oral-hygiene/dental-emergencies\"/>",
    "frCA": "<xhtml:link rel=\"alternate\" hreflang=\"fr-ca\" href=\"https://ca.crest.com/fr-ca/conseils-pour-soins-buccodentaires/hygiene-buccodentaire/urgences-dentaires\"/>"
  },
  "/en-ca/oral-care-tips/oral-hygiene/good-oral-hygiene-instructions": {
    "url": "/en-ca/oral-care-tips/oral-hygiene/good-oral-hygiene-instructions",
    "enCA": "<xhtml:link rel=\"alternate\" hreflang=\"en-ca\" href=\"https://ca.crest.com/en-ca/oral-care-tips/oral-hygiene/good-oral-hygiene-instructions\"/>",
    "frCA": "<xhtml:link rel=\"alternate\" hreflang=\"fr-ca\" href=\"https://ca.crest.com/fr-ca/conseils-pour-soins-buccodentaires/hygiene-buccodentaire/instructions-pour-une-bonne-hygiene-buccodentaire\"/>",
    "enUS": "<xhtml:link rel=\"alternate\" hreflang=\"en-us\" href=\"https://crest.com/en-us/oral-care-tips/oral-hygiene/oral-hygiene-tips\"/>"
  },
  "/en-ca/oral-care-tips/oral-hygiene/teach-oral-hygiene": {
    "url": "/en-ca/oral-care-tips/oral-hygiene/teach-oral-hygiene",
    "enCA": "<xhtml:link rel=\"alternate\" hreflang=\"en-ca\" href=\"https://ca.crest.com/en-ca/oral-care-tips/oral-hygiene/teach-oral-hygiene\"/>",
    "frCA": "<xhtml:link rel=\"alternate\" hreflang=\"fr-ca\" href=\"https://ca.crest.com/fr-ca/conseils-pour-soins-buccodentaires/hygiene-buccodentaire/enseigner-lhygiene-dentaire\"/>"
  },
  "/en-ca/oral-care-tips/tartar-and-plaque/what-is-plaque": {
    "url": "/en-ca/oral-care-tips/tartar-and-plaque/what-is-plaque",
    "enCA": "<xhtml:link rel=\"alternate\" hreflang=\"en-ca\" href=\"https://ca.crest.com/en-ca/oral-care-tips/tartar-and-plaque/what-is-plaque\"/>",
    "frCA": "<xhtml:link rel=\"alternate\" hreflang=\"fr-ca\" href=\"https://ca.crest.com/fr-ca/conseils-pour-soins-buccodentaires/plaque-et-tartre/prevention-et-traitement-de-la-plaque\"/>"
  },
  "/en-ca/oral-care-tips/tartar-and-plaque/what-is-tartar": {
    "url": "/en-ca/oral-care-tips/tartar-and-plaque/what-is-tartar",
    "enCA": "<xhtml:link rel=\"alternate\" hreflang=\"en-ca\" href=\"https://ca.crest.com/en-ca/oral-care-tips/tartar-and-plaque/what-is-tartar\"/>",
    "frCA": "<xhtml:link rel=\"alternate\" hreflang=\"fr-ca\" href=\"https://ca.crest.com/fr-ca/conseils-pour-soins-buccodentaires/plaque-et-tartre/prevention-et-traitement-du-tartre\"/>"
  },
  "/en-ca/oral-care-tips/teeth-sensitivity/acidic-foods-teeth-sensitivity": {
    "url": "/en-ca/oral-care-tips/teeth-sensitivity/acidic-foods-teeth-sensitivity",
    "enCA": "<xhtml:link rel=\"alternate\" hreflang=\"en-ca\" href=\"https://ca.crest.com/en-ca/oral-care-tips/teeth-sensitivity/acidic-foods-teeth-sensitivity\"/>",
    "enUS": "<xhtml:link rel=\"alternate\" hreflang=\"en-us\" href=\"https://crest.com/en-us/oral-care-tips/teeth-sensitivity/acidic-foods-teeth-sensitivity\"/>"
  },
  "/en-ca/oral-care-tips/teeth-sensitivity/choosing-the-best-toothpaste-sensitive-teeth": {
    "url": "/en-ca/oral-care-tips/teeth-sensitivity/choosing-the-best-toothpaste-sensitive-teeth",
    "enCA": "<xhtml:link rel=\"alternate\" hreflang=\"en-ca\" href=\"https://ca.crest.com/en-ca/oral-care-tips/teeth-sensitivity/choosing-the-best-toothpaste-sensitive-teeth\"/>"
  },
  "/en-ca/oral-care-tips/teeth-sensitivity/gum-irritation-sensitive-teeth-whitestrips": {
    "url": "/en-ca/oral-care-tips/teeth-sensitivity/gum-irritation-sensitive-teeth-whitestrips",
    "enCA": "<xhtml:link rel=\"alternate\" hreflang=\"en-ca\" href=\"https://ca.crest.com/en-ca/oral-care-tips/teeth-sensitivity/gum-irritation-sensitive-teeth-whitestrips\"/>"
  },
  "/en-ca/oral-care-tips/teeth-sensitivity/new-gum-sensitivity-toothpaste": {
    "url": "/en-ca/oral-care-tips/teeth-sensitivity/new-gum-sensitivity-toothpaste",
    "enCA": "<xhtml:link rel=\"alternate\" hreflang=\"en-ca\" href=\"https://ca.crest.com/en-ca/oral-care-tips/teeth-sensitivity/new-gum-sensitivity-toothpaste\"/>"
  },
  "/en-ca/oral-care-tips/teeth-sensitivity/pain-relief-toothpaste-sensitive-teeth": {
    "url": "/en-ca/oral-care-tips/teeth-sensitivity/pain-relief-toothpaste-sensitive-teeth",
    "enCA": "<xhtml:link rel=\"alternate\" hreflang=\"en-ca\" href=\"https://ca.crest.com/en-ca/oral-care-tips/teeth-sensitivity/pain-relief-toothpaste-sensitive-teeth\"/>"
  },
  "/en-ca/oral-care-tips/teeth-sensitivity/sensitive-teeth-causes-treatments-prevention": {
    "url": "/en-ca/oral-care-tips/teeth-sensitivity/sensitive-teeth-causes-treatments-prevention",
    "enCA": "<xhtml:link rel=\"alternate\" hreflang=\"en-ca\" href=\"https://ca.crest.com/en-ca/oral-care-tips/teeth-sensitivity/sensitive-teeth-causes-treatments-prevention\"/>"
  },
  "/en-ca/oral-care-tips/teeth-sensitivity/sensitive-teeth-what-they-mean-causes-home-remedies": {
    "url": "/en-ca/oral-care-tips/teeth-sensitivity/sensitive-teeth-what-they-mean-causes-home-remedies",
    "enCA": "<xhtml:link rel=\"alternate\" hreflang=\"en-ca\" href=\"https://ca.crest.com/en-ca/oral-care-tips/teeth-sensitivity/sensitive-teeth-what-they-mean-causes-home-remedies\"/>",
    "enUS": "<xhtml:link rel=\"alternate\" hreflang=\"en-us\" href=\"https://crest.com/en-us/oral-care-tips/teeth-sensitivity/sensitive-teeth-what-they-mean-causes-home-remedies\"/>"
  },
  "/en-ca/oral-care-tips/teeth-sensitivity/sore-gums-causes-treatments-relief-sensitive-gums": {
    "url": "/en-ca/oral-care-tips/teeth-sensitivity/sore-gums-causes-treatments-relief-sensitive-gums",
    "enCA": "<xhtml:link rel=\"alternate\" hreflang=\"en-ca\" href=\"https://ca.crest.com/en-ca/oral-care-tips/teeth-sensitivity/sore-gums-causes-treatments-relief-sensitive-gums\"/>"
  },
  "/en-ca/oral-care-tips/teeth-sensitivity/teeth-sensitive-cold-causes-home-remedies": {
    "url": "/en-ca/oral-care-tips/teeth-sensitivity/teeth-sensitive-cold-causes-home-remedies",
    "enCA": "<xhtml:link rel=\"alternate\" hreflang=\"en-ca\" href=\"https://ca.crest.com/en-ca/oral-care-tips/teeth-sensitivity/teeth-sensitive-cold-causes-home-remedies\"/>",
    "enUS": "<xhtml:link rel=\"alternate\" hreflang=\"en-us\" href=\"https://crest.com/en-us/oral-care-tips/teeth-sensitivity/teeth-sensitive-cold-causes-home-remedies\"/>"
  },
  "/en-ca/oral-care-tips/teeth-sensitivity/teeth-sensitive-hot-food-beverages": {
    "url": "/en-ca/oral-care-tips/teeth-sensitivity/teeth-sensitive-hot-food-beverages",
    "enCA": "<xhtml:link rel=\"alternate\" hreflang=\"en-ca\" href=\"https://ca.crest.com/en-ca/oral-care-tips/teeth-sensitivity/teeth-sensitive-hot-food-beverages\"/>",
    "enUS": "<xhtml:link rel=\"alternate\" hreflang=\"en-us\" href=\"https://crest.com/en-us/oral-care-tips/teeth-sensitivity/teeth-sensitive-hot-food-beverages\"/>"
  },
  "/en-ca/oral-care-tips/teeth-sensitivity/teeth-sensitivity-causes-and-prevention": {
    "url": "/en-ca/oral-care-tips/teeth-sensitivity/teeth-sensitivity-causes-and-prevention",
    "enCA": "<xhtml:link rel=\"alternate\" hreflang=\"en-ca\" href=\"https://ca.crest.com/en-ca/oral-care-tips/teeth-sensitivity/teeth-sensitivity-causes-and-prevention\"/>",
    "frCA": "<xhtml:link rel=\"alternate\" hreflang=\"fr-ca\" href=\"https://ca.crest.com/fr-ca/conseils-pour-soins-buccodentaires/dents-sensibles/causes-traitements-et-prevention-de-la-sensibilite-dentaire\"/>"
  },
  "/en-ca/oral-care-tips/teeth-sensitivity/teeth-whitening-sensitivity-causes-and-how-to-avoid-it": {
    "url": "/en-ca/oral-care-tips/teeth-sensitivity/teeth-whitening-sensitivity-causes-and-how-to-avoid-it",
    "enCA": "<xhtml:link rel=\"alternate\" hreflang=\"en-ca\" href=\"https://ca.crest.com/en-ca/oral-care-tips/teeth-sensitivity/teeth-whitening-sensitivity-causes-and-how-to-avoid-it\"/>"
  },
  "/en-ca/oral-care-tips/teeth-sensitivity/tooth-pain-sensitivity-before-after-filling-cavities": {
    "url": "/en-ca/oral-care-tips/teeth-sensitivity/tooth-pain-sensitivity-before-after-filling-cavities",
    "enCA": "<xhtml:link rel=\"alternate\" hreflang=\"en-ca\" href=\"https://ca.crest.com/en-ca/oral-care-tips/teeth-sensitivity/tooth-pain-sensitivity-before-after-filling-cavities\"/>",
    "enUS": "<xhtml:link rel=\"alternate\" hreflang=\"en-us\" href=\"https://crest.com/en-us/oral-care-tips/teeth-sensitivity/teeth-whitening-sensitivity-causes-how-to-avoid-it\"/>"
  },
  "/en-ca/oral-care-tips/teeth-sensitivity/what-helps-sensitive-teeth-relief-treatment": {
    "url": "/en-ca/oral-care-tips/teeth-sensitivity/what-helps-sensitive-teeth-relief-treatment",
    "enCA": "<xhtml:link rel=\"alternate\" hreflang=\"en-ca\" href=\"https://ca.crest.com/en-ca/oral-care-tips/teeth-sensitivity/what-helps-sensitive-teeth-relief-treatment\"/>",
    "enUS": "<xhtml:link rel=\"alternate\" hreflang=\"en-us\" href=\"https://crest.com/en-us/oral-care-tips/teeth-sensitivity/what-helps-sensitive-teeth-relief-treatment\"/>"
  },
  "/en-ca/oral-care-tips/teeth-sensitivity/why-are-my-teeth-sensitive-to-sugar": {
    "url": "/en-ca/oral-care-tips/teeth-sensitivity/why-are-my-teeth-sensitive-to-sugar",
    "enCA": "<xhtml:link rel=\"alternate\" hreflang=\"en-ca\" href=\"https://ca.crest.com/en-ca/oral-care-tips/teeth-sensitivity/why-are-my-teeth-sensitive-to-sugar\"/>",
    "enUS": "<xhtml:link rel=\"alternate\" hreflang=\"en-us\" href=\"https://crest.com/en-us/oral-care-tips/teeth-sensitivity/why-are-my-teeth-sensitive-to-sugar\"/>"
  },
  "/en-ca/oral-care-tips/teeth-whitening/smile-for-success": {
    "url": "/en-ca/oral-care-tips/teeth-whitening/smile-for-success",
    "enCA": "<xhtml:link rel=\"alternate\" hreflang=\"en-ca\" href=\"https://ca.crest.com/en-ca/oral-care-tips/teeth-whitening/smile-for-success\"/>"
  },
  "/en-ca/oral-care-tips/teeth-whitening/teeth-whitening-advice": {
    "url": "/en-ca/oral-care-tips/teeth-whitening/teeth-whitening-advice",
    "enCA": "<xhtml:link rel=\"alternate\" hreflang=\"en-ca\" href=\"https://ca.crest.com/en-ca/oral-care-tips/teeth-whitening/teeth-whitening-advice\"/>",
    "frCA": "<xhtml:link rel=\"alternate\" hreflang=\"fr-ca\" href=\"https://ca.crest.com/fr-ca/conseils-pour-soins-buccodentaires/blanchiment-des-dents/conseils-pour-blanchiment-des-dents\"/>"
  },
  "/en-ca/oral-care-tips/teeth-whitening/teeth-whitening-sensitive-teeth": {
    "url": "/en-ca/oral-care-tips/teeth-whitening/teeth-whitening-sensitive-teeth",
    "enCA": "<xhtml:link rel=\"alternate\" hreflang=\"en-ca\" href=\"https://ca.crest.com/en-ca/oral-care-tips/teeth-whitening/teeth-whitening-sensitive-teeth\"/>",
    "enUS": "<xhtml:link rel=\"alternate\" hreflang=\"en-us\" href=\"https://crest.com/en-us/oral-care-tips/teeth-whitening/teeth-whitening-sensitive-teeth\"/>"
  },
  "/en-ca/oral-care-tips/teeth-whitening/what-is-the-best-way-to-whiten-teeth": {
    "url": "/en-ca/oral-care-tips/teeth-whitening/what-is-the-best-way-to-whiten-teeth",
    "enCA": "<xhtml:link rel=\"alternate\" hreflang=\"en-ca\" href=\"https://ca.crest.com/en-ca/oral-care-tips/teeth-whitening/what-is-the-best-way-to-whiten-teeth\"/>",
    "enUS": "<xhtml:link rel=\"alternate\" hreflang=\"en-us\" href=\"https://crest.com/en-us/oral-care-tips/teeth-whitening/what-is-the-best-way-to-whiten-teeth\"/>"
  },
  "/en-ca/oral-care-tips/teeth-whitening/white-teeth-how-get-whiter-teeth-rid-stains": {
    "url": "/en-ca/oral-care-tips/teeth-whitening/white-teeth-how-get-whiter-teeth-rid-stains",
    "enCA": "<xhtml:link rel=\"alternate\" hreflang=\"en-ca\" href=\"https://ca.crest.com/en-ca/oral-care-tips/teeth-whitening/white-teeth-how-get-whiter-teeth-rid-stains\"/>"
  },
  "/en-ca/oral-care-tips/toothpaste/best-toothpaste-choose-right-type-for-you": {
    "url": "/en-ca/oral-care-tips/toothpaste/best-toothpaste-choose-right-type-for-you",
    "enCA": "<xhtml:link rel=\"alternate\" hreflang=\"en-ca\" href=\"https://ca.crest.com/en-ca/oral-care-tips/toothpaste/best-toothpaste-choose-right-type-for-you\"/>",
    "enUS": "<xhtml:link rel=\"alternate\" hreflang=\"en-us\" href=\"https://crest.com/en-us/oral-care-tips/toothpaste/best-toothpaste-choose-right-type-for-you\"/>"
  },
  "/en-ca/oral-care-tips/toothpaste/best-toothpaste-for-gingivitis-gum-disease": {
    "url": "/en-ca/oral-care-tips/toothpaste/best-toothpaste-for-gingivitis-gum-disease",
    "enCA": "<xhtml:link rel=\"alternate\" hreflang=\"en-ca\" href=\"https://ca.crest.com/en-ca/oral-care-tips/toothpaste/best-toothpaste-for-gingivitis-gum-disease\"/>",
    "frCA": "<xhtml:link rel=\"alternate\" hreflang=\"fr-ca\" href=\"https://ca.crest.com/fr-ca/conseils-pour-soins-buccodentaires/dentifrice/meilleur-dentifrice-pour-gingivite\"/>",
    "enUS": "<xhtml:link rel=\"alternate\" hreflang=\"en-us\" href=\"https://crest.com/en-us/oral-care-tips/toothpaste/best-toothpaste-for-gingivitis-gum-disease\"/>"
  },
  "/en-ca/oral-care-tips/toothpaste/how-to-properly-brush-your-teeth": {
    "url": "/en-ca/oral-care-tips/toothpaste/how-to-properly-brush-your-teeth",
    "enCA": "<xhtml:link rel=\"alternate\" hreflang=\"en-ca\" href=\"https://ca.crest.com/en-ca/oral-care-tips/toothpaste/how-to-properly-brush-your-teeth\"/>",
    "frCA": "<xhtml:link rel=\"alternate\" hreflang=\"fr-ca\" href=\"https://ca.crest.com/fr-ca/conseils-pour-soins-buccodentaires/dentifrice/comment-bien-se-brosser-les-dents\"/>",
    "enUS": "<xhtml:link rel=\"alternate\" hreflang=\"en-us\" href=\"https://crest.com/en-us/oral-care-tips/toothpaste/how-to-properly-brush-your-teeth\"/>"
  }
}
