{
  "/fr-ca": {
    "url": "/fr-ca",
    "enCA": "<xhtml:link rel=\"alternate\" hreflang=\"en-ca\" href=\"https://ca.crest.com/en-ca\"/>",
    "frCA": "<xhtml:link rel=\"alternate\" hreflang=\"fr-ca\" href=\"https://ca.crest.com/fr-ca\"/>",
    "enUS": "<xhtml:link rel=\"alternate\" hreflang=\"en-us\" href=\"https://crest.com/en-us\"/>"
  },
  "/fr-ca/histoire-du-dentifrice": {
    "url": "/fr-ca/histoire-du-dentifrice",
    "enCA": "<xhtml:link rel=\"alternate\" hreflang=\"en-ca\" href=\"https://ca.crest.com/en-ca/history-of-toothpaste\"/>",
    "frCA": "<xhtml:link rel=\"alternate\" hreflang=\"fr-ca\" href=\"https://ca.crest.com/fr-ca/histoire-du-dentifrice\"/>",
    "enUS": "<xhtml:link rel=\"alternate\" hreflang=\"en-us\" href=\"https://crest.com/en-us/oral-care-tips/toothpaste/history-toothpaste\"/>"
  },
  "/fr-ca/durabilite-des-soins-buccodentaires": {
    "url": "/fr-ca/durabilite-des-soins-buccodentaires",
    "enCA": "<xhtml:link rel=\"alternate\" hreflang=\"en-ca\" href=\"https://ca.crest.com/en-ca/oral-care-sustainability\"/>",
    "frCA": "<xhtml:link rel=\"alternate\" hreflang=\"fr-ca\" href=\"https://ca.crest.com/fr-ca/durabilite-des-soins-buccodentaires\"/>",
    "enUS": "<xhtml:link rel=\"alternate\" hreflang=\"en-us\" href=\"https://crest.com/en-us/oral-care-sustainability\"/>"
  },
  "/fr-ca/surete-du-produit": {
    "url": "/fr-ca/surete-du-produit",
    "enCA": "<xhtml:link rel=\"alternate\" hreflang=\"en-ca\" href=\"https://ca.crest.com/en-ca/product-safety\"/>",
    "frCA": "<xhtml:link rel=\"alternate\" hreflang=\"fr-ca\" href=\"https://ca.crest.com/fr-ca/surete-du-produit\"/>",
    "enUS": "<xhtml:link rel=\"alternate\" hreflang=\"en-us\" href=\"https://crest.com/en-us/product-safety\"/>"
  },
  "/fr-ca/dentifrice-au-fluorure-stanneux": {
    "url": "/fr-ca/dentifrice-au-fluorure-stanneux",
    "enCA": "<xhtml:link rel=\"alternate\" hreflang=\"en-ca\" href=\"https://ca.crest.com/en-ca/stannous-fluoride-toothpaste\"/>",
    "frCA": "<xhtml:link rel=\"alternate\" hreflang=\"fr-ca\" href=\"https://ca.crest.com/fr-ca/dentifrice-au-fluorure-stanneux\"/>",
    "enUS": "<xhtml:link rel=\"alternate\" hreflang=\"en-us\" href=\"https://crest.com/en-us/stannous-fluoride-toothpaste\"/>"
  },
  "/fr-ca/ingredients-du-dentifrice": {
    "url": "/fr-ca/ingredients-du-dentifrice",
    "enCA": "<xhtml:link rel=\"alternate\" hreflang=\"en-ca\" href=\"https://ca.crest.com/en-ca/toothpaste-ingredients\"/>",
    "frCA": "<xhtml:link rel=\"alternate\" hreflang=\"fr-ca\" href=\"https://ca.crest.com/fr-ca/ingredients-du-dentifrice\"/>",
    "enUS": "<xhtml:link rel=\"alternate\" hreflang=\"en-us\" href=\"https://crest.com/en-us/toothpaste-ingredients\"/>"
  },
  "/fr-ca/contact-us": {
    "url": "/fr-ca/contact-us",
    "enCA": "<xhtml:link rel=\"alternate\" hreflang=\"en-ca\" href=\"https://ca.crest.com/en-ca/contact-us\"/>",
    "frCA": "<xhtml:link rel=\"alternate\" hreflang=\"fr-ca\" href=\"https://ca.crest.com/fr-ca/contact-us\"/>",
    "enUS": "<xhtml:link rel=\"alternate\" hreflang=\"en-us\" href=\"https://crest.com/en-us/contact-us\"/>"
  },
  "/fr-ca/produits/nettoie-et-rafraichit": {
    "url": "/fr-ca/produits/nettoie-et-rafraichit",
    "enCA": "<xhtml:link rel=\"alternate\" hreflang=\"en-ca\" href=\"https://ca.crest.com/en-ca/oral-care-products/clean-and-freshen\"/>",
    "frCA": "<xhtml:link rel=\"alternate\" hreflang=\"fr-ca\" href=\"https://ca.crest.com/fr-ca/produits/nettoie-et-rafraichit\"/>",
    "enUS": "<xhtml:link rel=\"alternate\" hreflang=\"en-us\" href=\"https://crest.com/en-us/oral-care-products/clean-and-freshen\"/>"
  },
  "/fr-ca/produits/sante-gencives": {
    "url": "/fr-ca/produits/sante-gencives",
    "enCA": "<xhtml:link rel=\"alternate\" hreflang=\"en-ca\" href=\"https://ca.crest.com/en-ca/oral-care-products/gum-health\"/>",
    "frCA": "<xhtml:link rel=\"alternate\" hreflang=\"fr-ca\" href=\"https://ca.crest.com/fr-ca/produits/sante-gencives\"/>",
    "enUS": "<xhtml:link rel=\"alternate\" hreflang=\"en-us\" href=\"https://crest.com/en-us/oral-care-products/gum-health\"/>"
  },
  "/fr-ca/produits/blanchiment-des-dents": {
    "url": "/fr-ca/produits/blanchiment-des-dents",
    "enCA": "<xhtml:link rel=\"alternate\" hreflang=\"en-ca\" href=\"https://ca.crest.com/en-ca/oral-care-products/teeth-whitening\"/>",
    "frCA": "<xhtml:link rel=\"alternate\" hreflang=\"fr-ca\" href=\"https://ca.crest.com/fr-ca/produits/blanchiment-des-dents\"/>",
    "enUS": "<xhtml:link rel=\"alternate\" hreflang=\"en-us\" href=\"https://crest.com/en-us/oral-care-products/teeth-whitening\"/>"
  },
  "/fr-ca/produits/dents-sensibles": {
    "url": "/fr-ca/produits/dents-sensibles",
    "enCA": "<xhtml:link rel=\"alternate\" hreflang=\"en-ca\" href=\"https://ca.crest.com/en-ca/oral-care-products/teeth-sensitivity\"/>",
    "frCA": "<xhtml:link rel=\"alternate\" hreflang=\"fr-ca\" href=\"https://ca.crest.com/fr-ca/produits/dents-sensibles\"/>",
    "enUS": "<xhtml:link rel=\"alternate\" hreflang=\"en-us\" href=\"https://crest.com/en-us/oral-care-products/teeth-sensitivity\"/>"
  },
  "/fr-ca/bons-rabais-et-offres": {
    "url": "/fr-ca/bons-rabais-et-offres",
    "enCA": "<xhtml:link rel=\"alternate\" hreflang=\"en-ca\" href=\"https://ca.crest.com/en-ca/deals-and-coupons\"/>",
    "frCA": "<xhtml:link rel=\"alternate\" hreflang=\"fr-ca\" href=\"https://ca.crest.com/fr-ca/bons-rabais-et-offres\"/>",
    "enUS": "<xhtml:link rel=\"alternate\" hreflang=\"en-us\" href=\"https://crest.com/en-us/deals-and-coupons\"/>"
  },
  "/fr-ca/sitemap": {
    "url": "/fr-ca/sitemap",
    "enCA": "<xhtml:link rel=\"alternate\" hreflang=\"en-ca\" href=\"https://ca.crest.com/en-ca/sitemap\"/>",
    "frCA": "<xhtml:link rel=\"alternate\" hreflang=\"fr-ca\" href=\"https://ca.crest.com/fr-ca/sitemap\"/>",
    "enUS": "<xhtml:link rel=\"alternate\" hreflang=\"en-us\" href=\"https://crest.com/sitemap.php\"/>"
  },
  "/fr-ca/produits": {
    "url": "/fr-ca/produits",
    "enCA": "<xhtml:link rel=\"alternate\" hreflang=\"en-ca\" href=\"https://ca.crest.com/en-ca/oral-care-products\"/>",
    "frCA": "<xhtml:link rel=\"alternate\" hreflang=\"fr-ca\" href=\"https://ca.crest.com/fr-ca/produits\"/>",
    "enUS": "<xhtml:link rel=\"alternate\" hreflang=\"en-us\" href=\"https://crest.com/en-us/oral-care-products\"/>"
  },
  "/fr-ca/produits/blanchissement-dentaire": {
    "url": "/fr-ca/produits/blanchissement-dentaire",
    "enCA": "<xhtml:link rel=\"alternate\" hreflang=\"en-ca\" href=\"https://ca.crest.com/en-ca/oral-care-products/whitening-treatments\"/>",
    "frCA": "<xhtml:link rel=\"alternate\" hreflang=\"fr-ca\" href=\"https://ca.crest.com/fr-ca/produits/blanchissement-dentaire\"/>",
    "enUS": "<xhtml:link rel=\"alternate\" hreflang=\"en-us\" href=\"https://crest.com/en-us/oral-care-products/whitening-treatments\"/>"
  },
  "/fr-ca/produits/enfants": {
    "url": "/fr-ca/produits/enfants",
    "enCA": "<xhtml:link rel=\"alternate\" hreflang=\"en-ca\" href=\"https://ca.crest.com/en-ca/oral-care-products/kids\"/>",
    "frCA": "<xhtml:link rel=\"alternate\" hreflang=\"fr-ca\" href=\"https://ca.crest.com/fr-ca/produits/enfants\"/>",
    "enUS": "<xhtml:link rel=\"alternate\" hreflang=\"en-us\" href=\"https://crest.com/en-us/oral-care-products/kids\"/>"
  },
  "/fr-ca/produits/rince-bouche": {
    "url": "/fr-ca/produits/rince-bouche",
    "enCA": "<xhtml:link rel=\"alternate\" hreflang=\"en-ca\" href=\"https://ca.crest.com/en-ca/oral-care-products/mouthwash\"/>",
    "frCA": "<xhtml:link rel=\"alternate\" hreflang=\"fr-ca\" href=\"https://ca.crest.com/fr-ca/produits/rince-bouche\"/>",
    "enUS": "<xhtml:link rel=\"alternate\" hreflang=\"en-us\" href=\"https://crest.com/en-us/oral-care-products/mouthwash\"/>"
  },
  "/fr-ca/produits/dentifrice": {
    "url": "/fr-ca/produits/dentifrice",
    "enCA": "<xhtml:link rel=\"alternate\" hreflang=\"en-ca\" href=\"https://ca.crest.com/en-ca/oral-care-products/toothpaste\"/>",
    "frCA": "<xhtml:link rel=\"alternate\" hreflang=\"fr-ca\" href=\"https://ca.crest.com/fr-ca/produits/dentifrice\"/>",
    "enUS": "<xhtml:link rel=\"alternate\" hreflang=\"en-us\" href=\"https://crest.com/en-us/oral-care-products/toothpaste\"/>"
  },
  "/fr-ca/produits/blanchissement-dentaire/monthly-teeth-whitening-kit-boost": {
    "url": "/fr-ca/produits/blanchissement-dentaire/monthly-teeth-whitening-kit-boost",
    "enCA": "<xhtml:link rel=\"alternate\" hreflang=\"en-ca\" href=\"https://ca.crest.com/en-ca/oral-care-products/whitening-treatments/3d-white-monthly-whitening-boost-whitestrips-teeth-whitening-kit\"/>",
    "frCA": "<xhtml:link rel=\"alternate\" hreflang=\"fr-ca\" href=\"https://ca.crest.com/fr-ca/produits/blanchissement-dentaire/monthly-teeth-whitening-kit-boost\"/>"
  },
  "/fr-ca/produits/blanchissement-dentaire/express-one-heure": {
    "url": "/fr-ca/produits/blanchissement-dentaire/express-one-heure",
    "enCA": "<xhtml:link rel=\"alternate\" hreflang=\"en-ca\" href=\"https://ca.crest.com/en-ca/oral-care-products/whitening-treatments/3d-white-whitestrips-1-hour-express\"/>",
    "frCA": "<xhtml:link rel=\"alternate\" hreflang=\"fr-ca\" href=\"https://ca.crest.com/fr-ca/produits/blanchissement-dentaire/express-one-heure\"/>",
    "enUS": "<xhtml:link rel=\"alternate\" hreflang=\"en-us\" href=\"https://crest.com/en-us/oral-care-products/3d-whitestrips/express-whitening-kit\"/>"
  },
  "/fr-ca/produits/blanchissement-dentaire/douce-routine": {
    "url": "/fr-ca/produits/blanchissement-dentaire/douce-routine",
    "enCA": "<xhtml:link rel=\"alternate\" hreflang=\"en-ca\" href=\"https://ca.crest.com/en-ca/oral-care-products/whitening-treatments/3d-white-whitestrips-gentle-routine\"/>",
    "frCA": "<xhtml:link rel=\"alternate\" hreflang=\"fr-ca\" href=\"https://ca.crest.com/fr-ca/produits/blanchissement-dentaire/douce-routine\"/>",
    "enUS": "<xhtml:link rel=\"alternate\" hreflang=\"en-us\" href=\"https://crest.com/en-us/oral-care-products/3d-whitestrips/gentle-whitening-kit\"/>"
  },
  "/fr-ca/produits/blanchissement-dentaire/3d-white-blanc-eblouissant": {
    "url": "/fr-ca/produits/blanchissement-dentaire/3d-white-blanc-eblouissant",
    "enCA": "<xhtml:link rel=\"alternate\" hreflang=\"en-ca\" href=\"https://ca.crest.com/en-ca/oral-care-products/whitening-treatments/3d-white-whitestrips-glamorous-white\"/>",
    "frCA": "<xhtml:link rel=\"alternate\" hreflang=\"fr-ca\" href=\"https://ca.crest.com/fr-ca/produits/blanchissement-dentaire/3d-white-blanc-eblouissant\"/>"
  },
  "/fr-ca/produits/blanchissement-dentaire/noticeably-blanchissant": {
    "url": "/fr-ca/produits/blanchissement-dentaire/noticeably-blanchissant",
    "enCA": "<xhtml:link rel=\"alternate\" hreflang=\"en-ca\" href=\"https://ca.crest.com/en-ca/oral-care-products/whitening-treatments/3d-white-whitestrips-noticeably-white\"/>",
    "frCA": "<xhtml:link rel=\"alternate\" hreflang=\"fr-ca\" href=\"https://ca.crest.com/fr-ca/produits/blanchissement-dentaire/noticeably-blanchissant\"/>"
  },
  "/fr-ca/produits/blanchissement-dentaire/professionnel-effect": {
    "url": "/fr-ca/produits/blanchissement-dentaire/professionnel-effect",
    "enCA": "<xhtml:link rel=\"alternate\" hreflang=\"en-ca\" href=\"https://ca.crest.com/en-ca/oral-care-products/whitening-treatments/3d-white-whitestrips-professional-effects\"/>",
    "frCA": "<xhtml:link rel=\"alternate\" hreflang=\"fr-ca\" href=\"https://ca.crest.com/fr-ca/produits/blanchissement-dentaire/professionnel-effect\"/>",
    "enUS": "<xhtml:link rel=\"alternate\" hreflang=\"en-us\" href=\"https://crest.com/en-us/oral-care-products/3d-whitestrips/professional-effects-twin-pack\"/>"
  },
  "/fr-ca/produits/blanchissement-dentaire/3d-white-blanc-brillant": {
    "url": "/fr-ca/produits/blanchissement-dentaire/3d-white-blanc-brillant",
    "enCA": "<xhtml:link rel=\"alternate\" hreflang=\"en-ca\" href=\"https://ca.crest.com/en-ca/oral-care-products/whitening-treatments/3d-white-whitestrips-vivid\"/>",
    "frCA": "<xhtml:link rel=\"alternate\" hreflang=\"fr-ca\" href=\"https://ca.crest.com/fr-ca/produits/blanchissement-dentaire/3d-white-blanc-brillant\"/>",
    "enUS": "<xhtml:link rel=\"alternate\" hreflang=\"en-us\" href=\"https://crest.com/en-us/oral-care-products/3d-whitestrips/3d-white-whitestrips-classic-vivid-teeth-whitening-kit\"/>"
  },
  "/fr-ca/produits/blanchissement-dentaire/supreme-flexfit": {
    "url": "/fr-ca/produits/blanchissement-dentaire/supreme-flexfit",
    "enCA": "<xhtml:link rel=\"alternate\" hreflang=\"en-ca\" href=\"https://ca.crest.com/en-ca/oral-care-products/whitening-treatments/bandes-3d-white-whitestrips-supreme-flexfit\"/>",
    "frCA": "<xhtml:link rel=\"alternate\" hreflang=\"fr-ca\" href=\"https://ca.crest.com/fr-ca/produits/blanchissement-dentaire/supreme-flexfit\"/>",
    "enUS": "<xhtml:link rel=\"alternate\" hreflang=\"en-us\" href=\"https://crest.com/en-us/oral-care-products/3d-whitestrips/3d-white-supreme-flexfit-whitestrips-teeth-whitening-kit\"/>"
  },
  "/fr-ca/produits/blanchissement-dentaire/light-teeth-whitening-kit": {
    "url": "/fr-ca/produits/blanchissement-dentaire/light-teeth-whitening-kit",
    "enCA": "<xhtml:link rel=\"alternate\" hreflang=\"en-ca\" href=\"https://ca.crest.com/en-ca/oral-care-products/whitening-treatments/whitestrips-with-light-teeth-whitening-kit\"/>",
    "frCA": "<xhtml:link rel=\"alternate\" hreflang=\"fr-ca\" href=\"https://ca.crest.com/fr-ca/produits/blanchissement-dentaire/light-teeth-whitening-kit\"/>",
    "enUS": "<xhtml:link rel=\"alternate\" hreflang=\"en-us\" href=\"https://crest.com/en-us/oral-care-products/3d-whitestrips/original-whitening-kit\"/>"
  },
  "/fr-ca/produits/rince-bouche/3d-white-fraicheur-arctique": {
    "url": "/fr-ca/produits/rince-bouche/3d-white-fraicheur-arctique",
    "enCA": "<xhtml:link rel=\"alternate\" hreflang=\"en-ca\" href=\"https://ca.crest.com/en-ca/oral-care-products/mouthwash/3d-white-arctic-fresh-mouthwash\"/>",
    "frCA": "<xhtml:link rel=\"alternate\" hreflang=\"fr-ca\" href=\"https://ca.crest.com/fr-ca/produits/rince-bouche/3d-white-fraicheur-arctique\"/>"
  },
  "/fr-ca/produits/rince-bouche/3d-white-diamond-strong": {
    "url": "/fr-ca/produits/rince-bouche/3d-white-diamond-strong",
    "enCA": "<xhtml:link rel=\"alternate\" hreflang=\"en-ca\" href=\"https://ca.crest.com/en-ca/oral-care-products/mouthwash/3d-white-diamond-strong-mouthwash\"/>",
    "frCA": "<xhtml:link rel=\"alternate\" hreflang=\"fr-ca\" href=\"https://ca.crest.com/fr-ca/produits/rince-bouche/3d-white-diamond-strong\"/>",
    "enUS": "<xhtml:link rel=\"alternate\" hreflang=\"en-us\" href=\"https://crest.com/en-us/oral-care-products/mouthwash/3d-white-diamond-strong-mouthwash\"/>"
  },
  "/fr-ca/produits/rince-bouche/3d-white-blanc-eblouissant": {
    "url": "/fr-ca/produits/rince-bouche/3d-white-blanc-eblouissant",
    "enCA": "<xhtml:link rel=\"alternate\" hreflang=\"en-ca\" href=\"https://ca.crest.com/en-ca/oral-care-products/mouthwash/3d-white-glamorous-white-mouthwash\"/>",
    "frCA": "<xhtml:link rel=\"alternate\" hreflang=\"fr-ca\" href=\"https://ca.crest.com/fr-ca/produits/rince-bouche/3d-white-blanc-eblouissant\"/>",
    "enUS": "<xhtml:link rel=\"alternate\" hreflang=\"en-us\" href=\"https://crest.com/en-us/oral-care-products/mouthwash/3d-white-glamorous-white-multi-care-whitening-mouthwash\"/>"
  },
  "/fr-ca/produits/rince-bouche/3d-white-blanc-brillant": {
    "url": "/fr-ca/produits/rince-bouche/3d-white-blanc-brillant",
    "enCA": "<xhtml:link rel=\"alternate\" hreflang=\"en-ca\" href=\"https://ca.crest.com/en-ca/oral-care-products/mouthwash/3d-white-vivid-white-mouthwash\"/>",
    "frCA": "<xhtml:link rel=\"alternate\" hreflang=\"fr-ca\" href=\"https://ca.crest.com/fr-ca/produits/rince-bouche/3d-white-blanc-brillant\"/>"
  },
  "/fr-ca/produits/rince-bouche/protection-anticarie-pour-enfants-gel-etincelant": {
    "url": "/fr-ca/produits/rince-bouche/protection-anticarie-pour-enfants-gel-etincelant",
    "enCA": "<xhtml:link rel=\"alternate\" hreflang=\"en-ca\" href=\"https://ca.crest.com/en-ca/oral-care-products/mouthwash/kids-cavity-protection-sparkle-fun-mouthwash\"/>",
    "frCA": "<xhtml:link rel=\"alternate\" hreflang=\"fr-ca\" href=\"https://ca.crest.com/fr-ca/produits/rince-bouche/protection-anticarie-pour-enfants-gel-etincelant\"/>"
  },
  "/fr-ca/produits/rince-bouche/hydratant-et-anticarie-au-fluorure": {
    "url": "/fr-ca/produits/rince-bouche/hydratant-et-anticarie-au-fluorure",
    "enCA": "<xhtml:link rel=\"alternate\" hreflang=\"en-ca\" href=\"https://ca.crest.com/en-ca/oral-care-products/mouthwash/moisturizing-oral-rinse-anticavity-flouride-mouthwash\"/>",
    "frCA": "<xhtml:link rel=\"alternate\" hreflang=\"fr-ca\" href=\"https://ca.crest.com/fr-ca/produits/rince-bouche/hydratant-et-anticarie-au-fluorure\"/>"
  },
  "/fr-ca/produits/rince-bouche/pro-sante-avance-a-action-fortifiante": {
    "url": "/fr-ca/produits/rince-bouche/pro-sante-avance-a-action-fortifiante",
    "enCA": "<xhtml:link rel=\"alternate\" hreflang=\"en-ca\" href=\"https://ca.crest.com/en-ca/oral-care-products/mouthwash/pro-health-advanced-active-strengthening-mouthwash\"/>",
    "frCA": "<xhtml:link rel=\"alternate\" hreflang=\"fr-ca\" href=\"https://ca.crest.com/fr-ca/produits/rince-bouche/pro-sante-avance-a-action-fortifiante\"/>"
  },
  "/fr-ca/produits/rince-bouche/pro-sante-avance-extra-nettoyant-en-profondeur-menthe-vive": {
    "url": "/fr-ca/produits/rince-bouche/pro-sante-avance-extra-nettoyant-en-profondeur-menthe-vive",
    "enCA": "<xhtml:link rel=\"alternate\" hreflang=\"en-ca\" href=\"https://ca.crest.com/en-ca/oral-care-products/mouthwash/pro-health-advanced-extra-deep-clean-mouthwash-clean-mint\"/>",
    "frCA": "<xhtml:link rel=\"alternate\" hreflang=\"fr-ca\" href=\"https://ca.crest.com/fr-ca/produits/rince-bouche/pro-sante-avance-extra-nettoyant-en-profondeur-menthe-vive\"/>"
  },
  "/fr-ca/produits/rince-bouche/pro-sante-avance-extra-nettoyant-en-profondeur-menthe-fraiche": {
    "url": "/fr-ca/produits/rince-bouche/pro-sante-avance-extra-nettoyant-en-profondeur-menthe-fraiche",
    "enCA": "<xhtml:link rel=\"alternate\" hreflang=\"en-ca\" href=\"https://ca.crest.com/en-ca/oral-care-products/mouthwash/pro-health-advanced-extra-deep-clean-mouthwash-fresh-mint\"/>",
    "frCA": "<xhtml:link rel=\"alternate\" hreflang=\"fr-ca\" href=\"https://ca.crest.com/fr-ca/produits/rince-bouche/pro-sante-avance-extra-nettoyant-en-profondeur-menthe-fraiche\"/>",
    "enUS": "<xhtml:link rel=\"alternate\" hreflang=\"en-us\" href=\"https://crest.com/en-us/oral-care-products/mouthwash/pro-health-advanced-extra-freshness-mouthwash\"/>"
  },
  "/fr-ca/produits/rince-bouche/pro-sante-avance-extra-blanchissant": {
    "url": "/fr-ca/produits/rince-bouche/pro-sante-avance-extra-blanchissant",
    "enCA": "<xhtml:link rel=\"alternate\" hreflang=\"en-ca\" href=\"https://ca.crest.com/en-ca/oral-care-products/mouthwash/pro-health-advanced-extra-whitening-mouthwash\"/>",
    "frCA": "<xhtml:link rel=\"alternate\" hreflang=\"fr-ca\" href=\"https://ca.crest.com/fr-ca/produits/rince-bouche/pro-sante-avance-extra-blanchissant\"/>",
    "enUS": "<xhtml:link rel=\"alternate\" hreflang=\"en-us\" href=\"https://crest.com/en-us/oral-care-products/mouthwash/pro-health-advanced-extra-whitening-mouthwash\"/>"
  },
  "/fr-ca/produits/rince-bouche/pro-sante-pour-moi-disney-star-wars-pour-enfants": {
    "url": "/fr-ca/produits/rince-bouche/pro-sante-pour-moi-disney-star-wars-pour-enfants",
    "enCA": "<xhtml:link rel=\"alternate\" hreflang=\"en-ca\" href=\"https://ca.crest.com/en-ca/oral-care-products/mouthwash/pro-health-for-me-star-wars-mouthwash\"/>",
    "frCA": "<xhtml:link rel=\"alternate\" hreflang=\"fr-ca\" href=\"https://ca.crest.com/fr-ca/produits/rince-bouche/pro-sante-pour-moi-disney-star-wars-pour-enfants\"/>"
  },
  "/fr-ca/produits/rince-bouche/pro-sante-nettoyage-vivifiant": {
    "url": "/fr-ca/produits/rince-bouche/pro-sante-nettoyage-vivifiant",
    "enCA": "<xhtml:link rel=\"alternate\" hreflang=\"en-ca\" href=\"https://ca.crest.com/en-ca/oral-care-products/mouthwash/pro-health-invigorating-clean-mouthwash\"/>",
    "frCA": "<xhtml:link rel=\"alternate\" hreflang=\"fr-ca\" href=\"https://ca.crest.com/fr-ca/produits/rince-bouche/pro-sante-nettoyage-vivifiant\"/>"
  },
  "/fr-ca/produits/rince-bouche/pro-sante-multi-protection": {
    "url": "/fr-ca/produits/rince-bouche/pro-sante-multi-protection",
    "enCA": "<xhtml:link rel=\"alternate\" hreflang=\"en-ca\" href=\"https://ca.crest.com/en-ca/oral-care-products/mouthwash/pro-health-multi-protection-mouthwash\"/>",
    "frCA": "<xhtml:link rel=\"alternate\" hreflang=\"fr-ca\" href=\"https://ca.crest.com/fr-ca/produits/rince-bouche/pro-sante-multi-protection\"/>"
  },
  "/fr-ca/produits/rince-bouche/scope-advanced-multi-protection": {
    "url": "/fr-ca/produits/rince-bouche/scope-advanced-multi-protection",
    "enCA": "<xhtml:link rel=\"alternate\" hreflang=\"en-ca\" href=\"https://ca.crest.com/en-ca/oral-care-products/mouthwash/scope-advanced-6-in-1-multi-protection-mouthwash\"/>",
    "frCA": "<xhtml:link rel=\"alternate\" hreflang=\"fr-ca\" href=\"https://ca.crest.com/fr-ca/produits/rince-bouche/scope-advanced-multi-protection\"/>"
  },
  "/fr-ca/produits/rince-bouche/scope-classique-a-la-menthe": {
    "url": "/fr-ca/produits/rince-bouche/scope-classique-a-la-menthe",
    "enCA": "<xhtml:link rel=\"alternate\" hreflang=\"en-ca\" href=\"https://ca.crest.com/en-ca/oral-care-products/mouthwash/scope-classic-mint-mouthwash\"/>",
    "frCA": "<xhtml:link rel=\"alternate\" hreflang=\"fr-ca\" href=\"https://ca.crest.com/fr-ca/produits/rince-bouche/scope-classique-a-la-menthe\"/>",
    "enUS": "<xhtml:link rel=\"alternate\" hreflang=\"en-us\" href=\"https://crest.com/en-us/oral-care-products/mouthwash/scope-mouthwash-original-mint\"/>"
  },
  "/fr-ca/produits/rince-bouche/scope-outlast-a-la-menthe-poivree": {
    "url": "/fr-ca/produits/rince-bouche/scope-outlast-a-la-menthe-poivree",
    "enCA": "<xhtml:link rel=\"alternate\" hreflang=\"en-ca\" href=\"https://ca.crest.com/en-ca/oral-care-products/mouthwash/scope-outlast-peppermint-mouthwash\"/>",
    "frCA": "<xhtml:link rel=\"alternate\" hreflang=\"fr-ca\" href=\"https://ca.crest.com/fr-ca/produits/rince-bouche/scope-outlast-a-la-menthe-poivree\"/>",
    "enUS": "<xhtml:link rel=\"alternate\" hreflang=\"en-us\" href=\"https://crest.com/en-us/oral-care-products/mouthwash/scope-outlast-peppermint-mouthwash\"/>"
  },
  "/fr-ca/produits/rince-bouche/scope-a-la-menthe-poivree": {
    "url": "/fr-ca/produits/rince-bouche/scope-a-la-menthe-poivree",
    "enCA": "<xhtml:link rel=\"alternate\" hreflang=\"en-ca\" href=\"https://ca.crest.com/en-ca/oral-care-products/mouthwash/scope-peppermint-mouthwash\"/>",
    "frCA": "<xhtml:link rel=\"alternate\" hreflang=\"fr-ca\" href=\"https://ca.crest.com/fr-ca/produits/rince-bouche/scope-a-la-menthe-poivree\"/>"
  },
  "/fr-ca/produits/dentifrice/3d-white-fraicheur-arctique": {
    "url": "/fr-ca/produits/dentifrice/3d-white-fraicheur-arctique",
    "enCA": "<xhtml:link rel=\"alternate\" hreflang=\"en-ca\" href=\"https://ca.crest.com/en-ca/oral-care-products/toothpaste/3d-white-arctic-fresh-toothpaste\"/>",
    "frCA": "<xhtml:link rel=\"alternate\" hreflang=\"fr-ca\" href=\"https://ca.crest.com/fr-ca/produits/dentifrice/3d-white-fraicheur-arctique\"/>",
    "enUS": "<xhtml:link rel=\"alternate\" hreflang=\"en-us\" href=\"https://crest.com/en-us/oral-care-products/toothpaste/3d-white-arctic-fresh-toothpaste\"/>"
  },
  "/fr-ca/produits/dentifrice/3d-white-eclat-de-brillance": {
    "url": "/fr-ca/produits/dentifrice/3d-white-eclat-de-brillance",
    "enCA": "<xhtml:link rel=\"alternate\" hreflang=\"en-ca\" href=\"https://ca.crest.com/en-ca/oral-care-products/toothpaste/3d-white-brilliance-blast-toothpaste\"/>",
    "frCA": "<xhtml:link rel=\"alternate\" hreflang=\"fr-ca\" href=\"https://ca.crest.com/fr-ca/produits/dentifrice/3d-white-eclat-de-brillance\"/>",
    "enUS": "<xhtml:link rel=\"alternate\" hreflang=\"en-us\" href=\"https://crest.com/en-us/oral-care-products/toothpaste/3d-white-brilliance-blast-toothpaste\"/>"
  },
  "/fr-ca/produits/dentifrice/3d-white-brillance-charbon": {
    "url": "/fr-ca/produits/dentifrice/3d-white-brillance-charbon",
    "enCA": "<xhtml:link rel=\"alternate\" hreflang=\"en-ca\" href=\"https://ca.crest.com/en-ca/oral-care-products/toothpaste/3d-white-brilliance-charcoal-toothpaste\"/>",
    "frCA": "<xhtml:link rel=\"alternate\" hreflang=\"fr-ca\" href=\"https://ca.crest.com/fr-ca/produits/dentifrice/3d-white-brillance-charbon\"/>",
    "enUS": "<xhtml:link rel=\"alternate\" hreflang=\"en-us\" href=\"https://crest.com/en-us/oral-care-products/toothpaste/3d-white-brilliance-charcoal-toothpaste\"/>"
  },
  "/fr-ca/produits/dentifrice/quotidien-de-nettoyant-et-blanchissant-3d-white-brillance": {
    "url": "/fr-ca/produits/dentifrice/quotidien-de-nettoyant-et-blanchissant-3d-white-brillance",
    "enCA": "<xhtml:link rel=\"alternate\" hreflang=\"en-ca\" href=\"https://ca.crest.com/en-ca/oral-care-products/toothpaste/3d-white-brilliance-toothpaste-system\"/>",
    "frCA": "<xhtml:link rel=\"alternate\" hreflang=\"fr-ca\" href=\"https://ca.crest.com/fr-ca/produits/dentifrice/quotidien-de-nettoyant-et-blanchissant-3d-white-brillance\"/>"
  },
  "/fr-ca/produits/dentifrice/3d-white-format-voyage-menthe-poivree": {
    "url": "/fr-ca/produits/dentifrice/3d-white-format-voyage-menthe-poivree",
    "enCA": "<xhtml:link rel=\"alternate\" hreflang=\"en-ca\" href=\"https://ca.crest.com/en-ca/oral-care-products/toothpaste/3d-white-brilliance-vibrant-peppermint-toothpaste\"/>",
    "frCA": "<xhtml:link rel=\"alternate\" hreflang=\"fr-ca\" href=\"https://ca.crest.com/fr-ca/produits/dentifrice/3d-white-format-voyage-menthe-poivree\"/>"
  },
  "/fr-ca/produits/dentifrice/3d-white-diamond-strong": {
    "url": "/fr-ca/produits/dentifrice/3d-white-diamond-strong",
    "enCA": "<xhtml:link rel=\"alternate\" hreflang=\"en-ca\" href=\"https://ca.crest.com/en-ca/oral-care-products/toothpaste/3d-white-diamond-strong-toothpaste\"/>",
    "frCA": "<xhtml:link rel=\"alternate\" hreflang=\"fr-ca\" href=\"https://ca.crest.com/fr-ca/produits/dentifrice/3d-white-diamond-strong\"/>"
  },
  "/fr-ca/produits/dentifrice/3d-white-blanc-eblouissant": {
    "url": "/fr-ca/produits/dentifrice/3d-white-blanc-eblouissant",
    "enCA": "<xhtml:link rel=\"alternate\" hreflang=\"en-ca\" href=\"https://ca.crest.com/en-ca/oral-care-products/toothpaste/3d-white-glamorous-white-toothpaste\"/>",
    "frCA": "<xhtml:link rel=\"alternate\" hreflang=\"fr-ca\" href=\"https://ca.crest.com/fr-ca/produits/dentifrice/3d-white-blanc-eblouissant\"/>"
  },
  "/fr-ca/produits/dentifrice/3d-white-eclat-de-menthe": {
    "url": "/fr-ca/produits/dentifrice/3d-white-eclat-de-menthe",
    "enCA": "<xhtml:link rel=\"alternate\" hreflang=\"en-ca\" href=\"https://ca.crest.com/en-ca/oral-care-products/toothpaste/3d-white-radiant-mint-toothpaste\"/>",
    "frCA": "<xhtml:link rel=\"alternate\" hreflang=\"fr-ca\" href=\"https://ca.crest.com/fr-ca/produits/dentifrice/3d-white-eclat-de-menthe\"/>"
  },
  "/fr-ca/produits/dentifrice/3d-white-dentifrice-therapie-blanchissante-charbon": {
    "url": "/fr-ca/produits/dentifrice/3d-white-dentifrice-therapie-blanchissante-charbon",
    "enCA": "<xhtml:link rel=\"alternate\" hreflang=\"en-ca\" href=\"https://ca.crest.com/en-ca/oral-care-products/toothpaste/3d-white-whitening-therapy-toothpaste-charcoal\"/>",
    "frCA": "<xhtml:link rel=\"alternate\" hreflang=\"fr-ca\" href=\"https://ca.crest.com/fr-ca/produits/dentifrice/3d-white-dentifrice-therapie-blanchissante-charbon\"/>",
    "enUS": "<xhtml:link rel=\"alternate\" hreflang=\"en-us\" href=\"https://crest.com/en-us/oral-care-products/toothpaste/3d-white-whitening-therapy-toothpaste-charcoal\"/>"
  },
  "/fr-ca/produits/dentrifice/nettoyant-en-profondeur-advanced-gum-restore": {
    "url": "/fr-ca/produits/dentrifice/nettoyant-en-profondeur-advanced-gum-restore",
    "enCA": "<xhtml:link rel=\"alternate\" hreflang=\"en-ca\" href=\"https://ca.crest.com/en-ca/oral-care-products/toothpaste/advanced-gum-restore-deep-clean-toothpaste\"/>",
    "frCA": "<xhtml:link rel=\"alternate\" hreflang=\"fr-ca\" href=\"https://ca.crest.com/fr-ca/produits/dentrifice/nettoyant-en-profondeur-advanced-gum-restore\"/>",
    "enUS": "<xhtml:link rel=\"alternate\" hreflang=\"en-us\" href=\"https://crest.com/en-us/oral-care-products/toothpaste/advanced-gum-restore-deep-clean\"/>"
  },
  "/fr-ca/produits/dentrifice/blanchissant-pro-health-advanced-gum-restore": {
    "url": "/fr-ca/produits/dentrifice/blanchissant-pro-health-advanced-gum-restore",
    "enCA": "<xhtml:link rel=\"alternate\" hreflang=\"en-ca\" href=\"https://ca.crest.com/en-ca/oral-care-products/toothpaste/advanced-gum-restore-whitening-toothpaste\"/>",
    "frCA": "<xhtml:link rel=\"alternate\" hreflang=\"fr-ca\" href=\"https://ca.crest.com/fr-ca/produits/dentrifice/blanchissant-pro-health-advanced-gum-restore\"/>",
    "enUS": "<xhtml:link rel=\"alternate\" hreflang=\"en-us\" href=\"https://crest.com/en-us/oral-care-products/toothpaste/advanced-gum-restore-whitening\"/>"
  },
  "/fr-ca/produits/dentifrice/bicarbonate-soude-peroxyde": {
    "url": "/fr-ca/produits/dentifrice/bicarbonate-soude-peroxyde",
    "frCA": "<xhtml:link rel=\"alternate\" hreflang=\"fr-ca\" href=\"https://ca.crest.com/fr-ca/produits/dentifrice/bicarbonate-soude-peroxyde\"/>"
  },
  "/fr-ca/produits/dentifrice/protection-anticarie": {
    "url": "/fr-ca/produits/dentifrice/protection-anticarie",
    "enCA": "<xhtml:link rel=\"alternate\" hreflang=\"en-ca\" href=\"https://ca.crest.com/en-ca/oral-care-products/toothpaste/cavity-protection-toothpaste\"/>",
    "frCA": "<xhtml:link rel=\"alternate\" hreflang=\"fr-ca\" href=\"https://ca.crest.com/fr-ca/produits/dentifrice/protection-anticarie\"/>"
  },
  "/fr-ca/produits/dentifrice/complete-extra-blanchissant-a-la-menthe-vive": {
    "url": "/fr-ca/produits/dentifrice/complete-extra-blanchissant-a-la-menthe-vive",
    "enCA": "<xhtml:link rel=\"alternate\" hreflang=\"en-ca\" href=\"https://ca.crest.com/en-ca/oral-care-products/toothpaste/complete-extra-whitening-clean-mint-toothpaste\"/>",
    "frCA": "<xhtml:link rel=\"alternate\" hreflang=\"fr-ca\" href=\"https://ca.crest.com/fr-ca/produits/dentifrice/complete-extra-blanchissant-a-la-menthe-vive\"/>"
  },
  "/fr-ca/produits/dentifrice/complete-blanchissant-plus-nettoyage-en-profondeur": {
    "url": "/fr-ca/produits/dentifrice/complete-blanchissant-plus-nettoyage-en-profondeur",
    "enCA": "<xhtml:link rel=\"alternate\" hreflang=\"en-ca\" href=\"https://ca.crest.com/en-ca/oral-care-products/toothpaste/complete-whitening-plus-deep-clean-toothpaste\"/>",
    "frCA": "<xhtml:link rel=\"alternate\" hreflang=\"fr-ca\" href=\"https://ca.crest.com/fr-ca/produits/dentifrice/complete-blanchissant-plus-nettoyage-en-profondeur\"/>"
  },
  "/fr-ca/produits/dentifrice/complete-blanchissant-plus-scope-dual-blast": {
    "url": "/fr-ca/produits/dentifrice/complete-blanchissant-plus-scope-dual-blast",
    "enCA": "<xhtml:link rel=\"alternate\" hreflang=\"en-ca\" href=\"https://ca.crest.com/en-ca/oral-care-products/toothpaste/complete-whitening-plus-scope-dual-blast-toothpaste\"/>",
    "frCA": "<xhtml:link rel=\"alternate\" hreflang=\"fr-ca\" href=\"https://ca.crest.com/fr-ca/produits/dentifrice/complete-blanchissant-plus-scope-dual-blast\"/>"
  },
  "/fr-ca/produits/dentifrice/complete-blanchissant-plus-scope-outlast": {
    "url": "/fr-ca/produits/dentifrice/complete-blanchissant-plus-scope-outlast",
    "enCA": "<xhtml:link rel=\"alternate\" hreflang=\"en-ca\" href=\"https://ca.crest.com/en-ca/oral-care-products/toothpaste/complete-whitening-plus-scope-outlast-toothpaste\"/>",
    "frCA": "<xhtml:link rel=\"alternate\" hreflang=\"fr-ca\" href=\"https://ca.crest.com/fr-ca/produits/dentifrice/complete-blanchissant-plus-scope-outlast\"/>"
  },
  "/fr-ca/produits/dentifrice/complete-blanchissant-plus-scope": {
    "url": "/fr-ca/produits/dentifrice/complete-blanchissant-plus-scope",
    "enCA": "<xhtml:link rel=\"alternate\" hreflang=\"en-ca\" href=\"https://ca.crest.com/en-ca/oral-care-products/toothpaste/complete-whitening-plus-scope-toothpaste\"/>",
    "frCA": "<xhtml:link rel=\"alternate\" hreflang=\"fr-ca\" href=\"https://ca.crest.com/fr-ca/produits/dentifrice/complete-blanchissant-plus-scope\"/>",
    "enUS": "<xhtml:link rel=\"alternate\" hreflang=\"en-us\" href=\"https://crest.com/en-us/oral-care-products/toothpaste/complete-whitening-plus-scope-toothpaste\"/>"
  },
  "/fr-ca/produits/dentifrice/nettoyage-en-profondeur-gum-detoxify": {
    "url": "/fr-ca/produits/dentifrice/nettoyage-en-profondeur-gum-detoxify",
    "enCA": "<xhtml:link rel=\"alternate\" hreflang=\"en-ca\" href=\"https://ca.crest.com/en-ca/oral-care-products/toothpaste/gum-detoxify-deep-clean-toothpaste\"/>",
    "frCA": "<xhtml:link rel=\"alternate\" hreflang=\"fr-ca\" href=\"https://ca.crest.com/fr-ca/produits/dentifrice/nettoyage-en-profondeur-gum-detoxify\"/>"
  },
  "/fr-ca/produits/dentifrice/fraicheur-extra-gum-detoxify": {
    "url": "/fr-ca/produits/dentifrice/fraicheur-extra-gum-detoxify",
    "enCA": "<xhtml:link rel=\"alternate\" hreflang=\"en-ca\" href=\"https://ca.crest.com/en-ca/oral-care-products/toothpaste/gum-detoxify-extra-fresh-toothpaste\"/>",
    "frCA": "<xhtml:link rel=\"alternate\" hreflang=\"fr-ca\" href=\"https://ca.crest.com/fr-ca/produits/dentifrice/fraicheur-extra-gum-detoxify\"/>"
  },
  "/fr-ca/produits/dentifrice/doux-blanchiment-gum-detoxify": {
    "url": "/fr-ca/produits/dentifrice/doux-blanchiment-gum-detoxify",
    "enCA": "<xhtml:link rel=\"alternate\" hreflang=\"en-ca\" href=\"https://ca.crest.com/en-ca/oral-care-products/toothpaste/gum-detoxify-gentle-whitening-toothpaste\"/>",
    "frCA": "<xhtml:link rel=\"alternate\" hreflang=\"fr-ca\" href=\"https://ca.crest.com/fr-ca/produits/dentifrice/doux-blanchiment-gum-detoxify\"/>",
    "enUS": "<xhtml:link rel=\"alternate\" hreflang=\"en-us\" href=\"https://crest.com/en-us/oral-care-products/toothpaste/gum-detoxify-gentle-whitening-toothpaste\"/>"
  },
  "/fr-ca/produits/dentrifice/gencives-et-email-repares-blanchiment-avance": {
    "url": "/fr-ca/produits/dentrifice/gencives-et-email-repares-blanchiment-avance",
    "enCA": "<xhtml:link rel=\"alternate\" hreflang=\"en-ca\" href=\"https://ca.crest.com/en-ca/oral-care-products/toothpaste/gum-enamel-repair-toothpaste-advanced-whitening\"/>",
    "frCA": "<xhtml:link rel=\"alternate\" hreflang=\"fr-ca\" href=\"https://ca.crest.com/fr-ca/produits/dentrifice/gencives-et-email-repares-blanchiment-avance\"/>",
    "enUS": "<xhtml:link rel=\"alternate\" hreflang=\"en-us\" href=\"https://crest.com/en-us/oral-care-products/toothpaste/gum-enamel-repair-toothpaste-advanced-whitening\"/>"
  },
  "/fr-ca/produits/dentifrice/gum-sensibilite-dentifrice-menthe": {
    "url": "/fr-ca/produits/dentifrice/gum-sensibilite-dentifrice-menthe",
    "frCA": "<xhtml:link rel=\"alternate\" hreflang=\"fr-ca\" href=\"https://ca.crest.com/fr-ca/produits/dentifrice/gum-sensibilite-dentifrice-menthe\"/>",
    "enUS": "<xhtml:link rel=\"alternate\" hreflang=\"en-us\" href=\"https://crest.com/en-us/oral-care-products/toothpaste/gum-sensitivity-repair-gentle-whitening-toothpaste\"/>"
  },
  "/fr-ca/produits/dentifrice/pour-enfants-gel-etincelant": {
    "url": "/fr-ca/produits/dentifrice/pour-enfants-gel-etincelant",
    "enCA": "<xhtml:link rel=\"alternate\" hreflang=\"en-ca\" href=\"https://ca.crest.com/en-ca/oral-care-products/toothpaste/kids-sparkle-fun-toothpaste\"/>",
    "frCA": "<xhtml:link rel=\"alternate\" hreflang=\"fr-ca\" href=\"https://ca.crest.com/fr-ca/produits/dentifrice/pour-enfants-gel-etincelant\"/>",
    "enUS": "<xhtml:link rel=\"alternate\" hreflang=\"en-us\" href=\"https://crest.com/en-us/oral-care-products/toothpaste/kids-cavity-protection-sparkle-fun-flavor-toothpaste\"/>"
  },
  "/fr-ca/produits/dentifrice/pro-sante-avance-extra-nettoyant-en-profondeur-en-gel": {
    "url": "/fr-ca/produits/dentifrice/pro-sante-avance-extra-nettoyant-en-profondeur-en-gel",
    "enCA": "<xhtml:link rel=\"alternate\" hreflang=\"en-ca\" href=\"https://ca.crest.com/en-ca/oral-care-products/toothpaste/pro-health-advanced-extra-deep-clean-gel\"/>",
    "frCA": "<xhtml:link rel=\"alternate\" hreflang=\"fr-ca\" href=\"https://ca.crest.com/fr-ca/produits/dentifrice/pro-sante-avance-extra-nettoyant-en-profondeur-en-gel\"/>"
  },
  "/fr-ca/produits/dentifrice/pro-sante-avance-extra-nettoyant-en-profondeur": {
    "url": "/fr-ca/produits/dentifrice/pro-sante-avance-extra-nettoyant-en-profondeur",
    "enCA": "<xhtml:link rel=\"alternate\" hreflang=\"en-ca\" href=\"https://ca.crest.com/en-ca/oral-care-products/toothpaste/pro-health-advanced-extra-deep-clean-paste\"/>",
    "frCA": "<xhtml:link rel=\"alternate\" hreflang=\"fr-ca\" href=\"https://ca.crest.com/fr-ca/produits/dentifrice/pro-sante-avance-extra-nettoyant-en-profondeur\"/>"
  },
  "/fr-ca/produits/dentifrice/pro-sante-avance-pouvoir-extra-blanchissant-plus-fraicheur": {
    "url": "/fr-ca/produits/dentifrice/pro-sante-avance-pouvoir-extra-blanchissant-plus-fraicheur",
    "enCA": "<xhtml:link rel=\"alternate\" hreflang=\"en-ca\" href=\"https://ca.crest.com/en-ca/oral-care-products/toothpaste/pro-health-advanced-extra-whitening-power-freshness-toothpaste\"/>",
    "frCA": "<xhtml:link rel=\"alternate\" hreflang=\"fr-ca\" href=\"https://ca.crest.com/fr-ca/produits/dentifrice/pro-sante-avance-pouvoir-extra-blanchissant-plus-fraicheur\"/>",
    "enUS": "<xhtml:link rel=\"alternate\" hreflang=\"en-us\" href=\"https://crest.com/en-us/oral-care-products/toothpaste/pro-health-advanced-whitening-power\"/>"
  },
  "/fr-ca/produits/dentifrice/pro-sante-avance-protection-des-gencives": {
    "url": "/fr-ca/produits/dentifrice/pro-sante-avance-protection-des-gencives",
    "enCA": "<xhtml:link rel=\"alternate\" hreflang=\"en-ca\" href=\"https://ca.crest.com/en-ca/oral-care-products/toothpaste/pro-health-advanced-gum-protection-toothpaste\"/>",
    "frCA": "<xhtml:link rel=\"alternate\" hreflang=\"fr-ca\" href=\"https://ca.crest.com/fr-ca/produits/dentifrice/pro-sante-avance-protection-des-gencives\"/>",
    "enUS": "<xhtml:link rel=\"alternate\" hreflang=\"en-us\" href=\"https://crest.com/en-us/oral-care-products/toothpaste/pro-health-advanced-gum-protection\"/>"
  },
  "/fr-ca/produits/dentifrice/pro-sante-pouvoir-extra-blanchissant": {
    "url": "/fr-ca/produits/dentifrice/pro-sante-pouvoir-extra-blanchissant",
    "enCA": "<xhtml:link rel=\"alternate\" hreflang=\"en-ca\" href=\"https://ca.crest.com/en-ca/oral-care-products/toothpaste/pro-health-extra-whitening-power-toothpaste\"/>",
    "frCA": "<xhtml:link rel=\"alternate\" hreflang=\"fr-ca\" href=\"https://ca.crest.com/fr-ca/produits/dentifrice/pro-sante-pouvoir-extra-blanchissant\"/>"
  },
  "/fr-ca/produits/dentifrice/pro-sante-pour-moi-star-wars": {
    "url": "/fr-ca/produits/dentifrice/pro-sante-pour-moi-star-wars",
    "enCA": "<xhtml:link rel=\"alternate\" hreflang=\"en-ca\" href=\"https://ca.crest.com/en-ca/oral-care-products/toothpaste/pro-health-for-me-star-wars-toothpaste\"/>",
    "frCA": "<xhtml:link rel=\"alternate\" hreflang=\"fr-ca\" href=\"https://ca.crest.com/fr-ca/produits/dentifrice/pro-sante-pour-moi-star-wars\"/>",
    "enUS": "<xhtml:link rel=\"alternate\" hreflang=\"en-us\" href=\"https://crest.com/en-us/oral-care-products/toothpaste/star-wars-bubblegum-toothpaste\"/>"
  },
  "/fr-ca/produits/dentifrice/systeme-quotidien-de-crest-pro-sante": {
    "url": "/fr-ca/produits/dentifrice/systeme-quotidien-de-crest-pro-sante",
    "frCA": "<xhtml:link rel=\"alternate\" hreflang=\"fr-ca\" href=\"https://ca.crest.com/fr-ca/produits/dentifrice/systeme-quotidien-de-crest-pro-sante\"/>"
  },
  "/fr-ca/produits/dentifrice/pro-sante-a-la-menthe-poivree-intense": {
    "url": "/fr-ca/produits/dentifrice/pro-sante-a-la-menthe-poivree-intense",
    "enCA": "<xhtml:link rel=\"alternate\" hreflang=\"en-ca\" href=\"https://ca.crest.com/en-ca/oral-care-products/toothpaste/pro-health-intense-peppermint-toothpaste\"/>",
    "frCA": "<xhtml:link rel=\"alternate\" hreflang=\"fr-ca\" href=\"https://ca.crest.com/fr-ca/produits/dentifrice/pro-sante-a-la-menthe-poivree-intense\"/>"
  },
  "/fr-ca/produits/dentifrice/pro-sante-jr-la-reine-des-neiges-de-disney": {
    "url": "/fr-ca/produits/dentifrice/pro-sante-jr-la-reine-des-neiges-de-disney",
    "frCA": "<xhtml:link rel=\"alternate\" hreflang=\"fr-ca\" href=\"https://ca.crest.com/fr-ca/produits/dentifrice/pro-sante-jr-la-reine-des-neiges-de-disney\"/>"
  },
  "/fr-ca/produits/dentifrice/pro-sante-original-a-la-menthe-vive": {
    "url": "/fr-ca/produits/dentifrice/pro-sante-original-a-la-menthe-vive",
    "enCA": "<xhtml:link rel=\"alternate\" hreflang=\"en-ca\" href=\"https://ca.crest.com/en-ca/oral-care-products/toothpaste/pro-health-original-clean-mint-toothpaste\"/>",
    "frCA": "<xhtml:link rel=\"alternate\" hreflang=\"fr-ca\" href=\"https://ca.crest.com/fr-ca/produits/dentifrice/pro-sante-original-a-la-menthe-vive\"/>"
  },
  "/fr-ca/produits/dentifrice/pro-sante-dents-sensibles-et-protege-email": {
    "url": "/fr-ca/produits/dentifrice/pro-sante-dents-sensibles-et-protege-email",
    "enCA": "<xhtml:link rel=\"alternate\" hreflang=\"en-ca\" href=\"https://ca.crest.com/en-ca/oral-care-products/toothpaste/pro-health-sensitive-and-enamel-shield-toothpaste\"/>",
    "frCA": "<xhtml:link rel=\"alternate\" hreflang=\"fr-ca\" href=\"https://ca.crest.com/fr-ca/produits/dentifrice/pro-sante-dents-sensibles-et-protege-email\"/>",
    "enUS": "<xhtml:link rel=\"alternate\" hreflang=\"en-us\" href=\"https://crest.com/en-us/oral-care-products/toothpaste/pro-health-sensitive-and-enamel-shield\"/>"
  },
  "/fr-ca/produits/dentifrice/pro-sante-stages-trouver-doris": {
    "url": "/fr-ca/produits/dentifrice/pro-sante-stages-trouver-doris",
    "frCA": "<xhtml:link rel=\"alternate\" hreflang=\"fr-ca\" href=\"https://ca.crest.com/fr-ca/produits/dentifrice/pro-sante-stages-trouver-doris\"/>"
  },
  "/fr-ca/produits/dentifrice/pro-sante-stages-princesse-chewing-gum": {
    "url": "/fr-ca/produits/dentifrice/pro-sante-stages-princesse-chewing-gum",
    "enCA": "<xhtml:link rel=\"alternate\" hreflang=\"en-ca\" href=\"https://ca.crest.com/en-ca/oral-care-products/toothpaste/pro-health-stages-princess-bubblegum-toothpaste\"/>",
    "frCA": "<xhtml:link rel=\"alternate\" hreflang=\"fr-ca\" href=\"https://ca.crest.com/fr-ca/produits/dentifrice/pro-sante-stages-princesse-chewing-gum\"/>"
  },
  "/fr-ca/produits/dentifrice/soulage-sensibilite-blanchissant-plus-scope": {
    "url": "/fr-ca/produits/dentifrice/soulage-sensibilite-blanchissant-plus-scope",
    "frCA": "<xhtml:link rel=\"alternate\" hreflang=\"fr-ca\" href=\"https://ca.crest.com/fr-ca/produits/dentifrice/soulage-sensibilite-blanchissant-plus-scope\"/>"
  },
  "/fr-ca/produits/dentifrice/sensibilite-prevention-et-reparation": {
    "url": "/fr-ca/produits/dentifrice/sensibilite-prevention-et-reparation",
    "enCA": "<xhtml:link rel=\"alternate\" hreflang=\"en-ca\" href=\"https://ca.crest.com/en-ca/oral-care-products/toothpaste/sensi-repair-and-prevent-toothpaste\"/>",
    "frCA": "<xhtml:link rel=\"alternate\" hreflang=\"fr-ca\" href=\"https://ca.crest.com/fr-ca/produits/dentifrice/sensibilite-prevention-et-reparation\"/>"
  },
  "/fr-ca/produits/dentifrice/protection-antitartre": {
    "url": "/fr-ca/produits/dentifrice/protection-antitartre",
    "enCA": "<xhtml:link rel=\"alternate\" hreflang=\"en-ca\" href=\"https://ca.crest.com/en-ca/oral-care-products/toothpaste/tartar-protection-toothpaste\"/>",
    "frCA": "<xhtml:link rel=\"alternate\" hreflang=\"fr-ca\" href=\"https://ca.crest.com/fr-ca/produits/dentifrice/protection-antitartre\"/>",
    "enUS": "<xhtml:link rel=\"alternate\" hreflang=\"en-us\" href=\"https://crest.com/en-us/oral-care-products/toothpaste/tartar-protection-whitening-toothpaste\"/>"
  },
  "/fr-ca/conseils-pour-soins-buccodentaires/faqs/whitestrips": {
    "url": "/fr-ca/conseils-pour-soins-buccodentaires/faqs/whitestrips",
    "enCA": "<xhtml:link rel=\"alternate\" hreflang=\"en-ca\" href=\"https://ca.crest.com/en-ca/oral-care-tips/faqs/3d-whitestrips\"/>",
    "frCA": "<xhtml:link rel=\"alternate\" hreflang=\"fr-ca\" href=\"https://ca.crest.com/fr-ca/conseils-pour-soins-buccodentaires/faqs/whitestrips\"/>",
    "enUS": "<xhtml:link rel=\"alternate\" hreflang=\"en-us\" href=\"https://crest.com/en-us/oral-care-tips/faqs/whitening\"/>"
  },
  "/fr-ca/conseils-pour-soins-buccodentaires/faqs/rince-bouche": {
    "url": "/fr-ca/conseils-pour-soins-buccodentaires/faqs/rince-bouche",
    "enCA": "<xhtml:link rel=\"alternate\" hreflang=\"en-ca\" href=\"https://ca.crest.com/en-ca/oral-care-tips/faqs/mouthwash\"/>",
    "frCA": "<xhtml:link rel=\"alternate\" hreflang=\"fr-ca\" href=\"https://ca.crest.com/fr-ca/conseils-pour-soins-buccodentaires/faqs/rince-bouche\"/>",
    "enUS": "<xhtml:link rel=\"alternate\" hreflang=\"en-us\" href=\"https://crest.com/en-us/oral-care-tips/faqs/mouthwash\"/>"
  },
  "/fr-ca/conseils-pour-soins-buccodentaires/faqs/dentifrice": {
    "url": "/fr-ca/conseils-pour-soins-buccodentaires/faqs/dentifrice",
    "enCA": "<xhtml:link rel=\"alternate\" hreflang=\"en-ca\" href=\"https://ca.crest.com/en-ca/oral-care-tips/faqs/toothpaste\"/>",
    "frCA": "<xhtml:link rel=\"alternate\" hreflang=\"fr-ca\" href=\"https://ca.crest.com/fr-ca/conseils-pour-soins-buccodentaires/faqs/dentifrice\"/>",
    "enUS": "<xhtml:link rel=\"alternate\" hreflang=\"en-us\" href=\"https://crest.com/en-us/oral-care-tips/faqs/toothpaste\"/>"
  },
  "/fr-ca/conseils-pour-soins-buccodentaires": {
    "url": "/fr-ca/conseils-pour-soins-buccodentaires",
    "enCA": "<xhtml:link rel=\"alternate\" hreflang=\"en-ca\" href=\"https://ca.crest.com/en-ca/oral-care-tips\"/>",
    "frCA": "<xhtml:link rel=\"alternate\" hreflang=\"fr-ca\" href=\"https://ca.crest.com/fr-ca/conseils-pour-soins-buccodentaires\"/>",
    "enUS": "<xhtml:link rel=\"alternate\" hreflang=\"en-us\" href=\"https://crest.com/en-us/oral-care-tips/\"/>"
  },
  "/fr-ca/conseils-pour-soins-buccodentaires/blanchiment-des-dents": {
    "url": "/fr-ca/conseils-pour-soins-buccodentaires/blanchiment-des-dents",
    "enCA": "<xhtml:link rel=\"alternate\" hreflang=\"en-ca\" href=\"https://ca.crest.com/en-ca/oral-care-tips/teeth-whitening\"/>",
    "frCA": "<xhtml:link rel=\"alternate\" hreflang=\"fr-ca\" href=\"https://ca.crest.com/fr-ca/conseils-pour-soins-buccodentaires/blanchiment-des-dents\"/>",
    "enUS": "<xhtml:link rel=\"alternate\" hreflang=\"en-us\" href=\"https://crest.com/en-us/oral-care-tips/tag/teeth-whitening\"/>"
  },
  "/fr-ca/conseils-pour-soins-buccodentaires/carie-dentaire": {
    "url": "/fr-ca/conseils-pour-soins-buccodentaires/carie-dentaire",
    "enCA": "<xhtml:link rel=\"alternate\" hreflang=\"en-ca\" href=\"https://ca.crest.com/en-ca/oral-care-tips/cavities-and-tooth-decay\"/>",
    "frCA": "<xhtml:link rel=\"alternate\" hreflang=\"fr-ca\" href=\"https://ca.crest.com/fr-ca/conseils-pour-soins-buccodentaires/carie-dentaire\"/>",
    "enUS": "<xhtml:link rel=\"alternate\" hreflang=\"en-us\" href=\"https://crest.com/en-us/oral-care-tips/tag/cavities-and-tooth-decay\"/>"
  },
  "/fr-ca/conseils-pour-soins-buccodentaires/dentifrice": {
    "url": "/fr-ca/conseils-pour-soins-buccodentaires/dentifrice",
    "enCA": "<xhtml:link rel=\"alternate\" hreflang=\"en-ca\" href=\"https://ca.crest.com/en-ca/oral-care-tips/toothpaste\"/>",
    "frCA": "<xhtml:link rel=\"alternate\" hreflang=\"fr-ca\" href=\"https://ca.crest.com/fr-ca/conseils-pour-soins-buccodentaires/dentifrice\"/>",
    "enUS": "<xhtml:link rel=\"alternate\" hreflang=\"en-us\" href=\"https://crest.com/en-us/oral-care-tips/tag/toothpaste\"/>"
  },
  "/fr-ca/conseils-pour-soins-buccodentaires/dents-sensibles": {
    "url": "/fr-ca/conseils-pour-soins-buccodentaires/dents-sensibles",
    "enCA": "<xhtml:link rel=\"alternate\" hreflang=\"en-ca\" href=\"https://ca.crest.com/en-ca/oral-care-tips/teeth-sensitivity\"/>",
    "frCA": "<xhtml:link rel=\"alternate\" hreflang=\"fr-ca\" href=\"https://ca.crest.com/fr-ca/conseils-pour-soins-buccodentaires/dents-sensibles\"/>",
    "enUS": "<xhtml:link rel=\"alternate\" hreflang=\"en-us\" href=\"https://crest.com/en-us/oral-care-tips/tag/teeth-sensitivity\"/>"
  },
  "/fr-ca/conseils-pour-soins-buccodentaires/etapes-de-vie": {
    "url": "/fr-ca/conseils-pour-soins-buccodentaires/etapes-de-vie",
    "enCA": "<xhtml:link rel=\"alternate\" hreflang=\"en-ca\" href=\"https://ca.crest.com/en-ca/oral-care-tips/life-stages\"/>",
    "frCA": "<xhtml:link rel=\"alternate\" hreflang=\"fr-ca\" href=\"https://ca.crest.com/fr-ca/conseils-pour-soins-buccodentaires/etapes-de-vie\"/>",
    "enUS": "<xhtml:link rel=\"alternate\" hreflang=\"en-us\" href=\"https://crest.com/en-us/oral-care-tips/tag/life-stages\"/>"
  },
  "/fr-ca/conseils-pour-soins-buccodentaires/hygiene-buccodentaire": {
    "url": "/fr-ca/conseils-pour-soins-buccodentaires/hygiene-buccodentaire",
    "enCA": "<xhtml:link rel=\"alternate\" hreflang=\"en-ca\" href=\"https://ca.crest.com/en-ca/oral-care-tips/oral-hygiene\"/>",
    "frCA": "<xhtml:link rel=\"alternate\" hreflang=\"fr-ca\" href=\"https://ca.crest.com/fr-ca/conseils-pour-soins-buccodentaires/hygiene-buccodentaire\"/>",
    "enUS": "<xhtml:link rel=\"alternate\" hreflang=\"en-us\" href=\"https://crest.com/en-us/oral-care-tips/tag/oral-hygiene\"/>"
  },
  "/fr-ca/conseils-pour-soins-buccodentaires/hygiene-dentaire-des-enfants": {
    "url": "/fr-ca/conseils-pour-soins-buccodentaires/hygiene-dentaire-des-enfants",
    "enCA": "<xhtml:link rel=\"alternate\" hreflang=\"en-ca\" href=\"https://ca.crest.com/en-ca/oral-care-tips/kids\"/>",
    "frCA": "<xhtml:link rel=\"alternate\" hreflang=\"fr-ca\" href=\"https://ca.crest.com/fr-ca/conseils-pour-soins-buccodentaires/hygiene-dentaire-des-enfants\"/>",
    "enUS": "<xhtml:link rel=\"alternate\" hreflang=\"en-us\" href=\"https://crest.com/en-us/oral-care-tips/tag/kids-oral-health\"/>"
  },
  "/fr-ca/conseils-pour-soins-buccodentaires/rince-bouche": {
    "url": "/fr-ca/conseils-pour-soins-buccodentaires/rince-bouche",
    "enCA": "<xhtml:link rel=\"alternate\" hreflang=\"en-ca\" href=\"https://ca.crest.com/en-ca/oral-care-tips/mouthwash\"/>",
    "frCA": "<xhtml:link rel=\"alternate\" hreflang=\"fr-ca\" href=\"https://ca.crest.com/fr-ca/conseils-pour-soins-buccodentaires/rince-bouche\"/>",
    "enUS": "<xhtml:link rel=\"alternate\" hreflang=\"en-us\" href=\"https://crest.com/en-us/oral-care-tips/tag/mouthwash\"/>"
  },
  "/fr-ca/conseils-pour-soins-buccodentaires/sante-des-gencives": {
    "url": "/fr-ca/conseils-pour-soins-buccodentaires/sante-des-gencives",
    "enCA": "<xhtml:link rel=\"alternate\" hreflang=\"en-ca\" href=\"https://ca.crest.com/en-ca/oral-care-tips/gum-health\"/>",
    "frCA": "<xhtml:link rel=\"alternate\" hreflang=\"fr-ca\" href=\"https://ca.crest.com/fr-ca/conseils-pour-soins-buccodentaires/sante-des-gencives\"/>",
    "enUS": "<xhtml:link rel=\"alternate\" hreflang=\"en-us\" href=\"https://crest.com/en-us/oral-care-tips/tag/gum-health\"/>"
  },
  "/fr-ca/conseils-pour-soins-buccodentaires/solutions": {
    "url": "/fr-ca/conseils-pour-soins-buccodentaires/solutions",
    "enCA": "<xhtml:link rel=\"alternate\" hreflang=\"en-ca\" href=\"https://ca.crest.com/en-ca/oral-care-tips/solutions\"/>",
    "frCA": "<xhtml:link rel=\"alternate\" hreflang=\"fr-ca\" href=\"https://ca.crest.com/fr-ca/conseils-pour-soins-buccodentaires/solutions\"/>",
    "enUS": "<xhtml:link rel=\"alternate\" hreflang=\"en-us\" href=\"https://crest.com/en-us/oral-care-tips/tag/solutions\"/>"
  },
  "/fr-ca/conseils-pour-soins-buccodentaires/plaque-et-tartre": {
    "url": "/fr-ca/conseils-pour-soins-buccodentaires/plaque-et-tartre",
    "enCA": "<xhtml:link rel=\"alternate\" hreflang=\"en-ca\" href=\"https://ca.crest.com/en-ca/oral-care-tips/tartar-and-plaque\"/>",
    "frCA": "<xhtml:link rel=\"alternate\" hreflang=\"fr-ca\" href=\"https://ca.crest.com/fr-ca/conseils-pour-soins-buccodentaires/plaque-et-tartre\"/>",
    "enUS": "<xhtml:link rel=\"alternate\" hreflang=\"en-us\" href=\"https://crest.com/en-us/oral-care-tips/tag/tartar-and-plaque\"/>"
  },
  "/fr-ca/conseils-pour-soins-buccodentaires/carie-dentaire/cause-symptome-et-prevention-des-caries-dentaires": {
    "url": "/fr-ca/conseils-pour-soins-buccodentaires/carie-dentaire/cause-symptome-et-prevention-des-caries-dentaires",
    "enCA": "<xhtml:link rel=\"alternate\" hreflang=\"en-ca\" href=\"https://ca.crest.com/en-ca/oral-care-tips/cavities-and-tooth-decay/tooth-cavities-causes-treatment-prevention\"/>",
    "frCA": "<xhtml:link rel=\"alternate\" hreflang=\"fr-ca\" href=\"https://ca.crest.com/fr-ca/conseils-pour-soins-buccodentaires/carie-dentaire/cause-symptome-et-prevention-des-caries-dentaires\"/>"
  },
  "/fr-ca/conseils-pour-soins-buccodentaires/sante-des-gencives/causes-traitements-et-prevention-du-saignement-des-gencives": {
    "url": "/fr-ca/conseils-pour-soins-buccodentaires/sante-des-gencives/causes-traitements-et-prevention-du-saignement-des-gencives",
    "enCA": "<xhtml:link rel=\"alternate\" hreflang=\"en-ca\" href=\"https://ca.crest.com/en-ca/oral-care-tips/gum-health/bleeding-gums-causes-treatments-prevention\"/>",
    "frCA": "<xhtml:link rel=\"alternate\" hreflang=\"fr-ca\" href=\"https://ca.crest.com/fr-ca/conseils-pour-soins-buccodentaires/sante-des-gencives/causes-traitements-et-prevention-du-saignement-des-gencives\"/>",
    "enUS": "<xhtml:link rel=\"alternate\" hreflang=\"en-us\" href=\"https://crest.com/en-us/oral-care-tips/gum-health/bleeding-gums-causes-treatments-prevention\"/>"
  },
  "/fr-ca/conseils-pour-soins-buccodentaires/hygiene-buccodentaire/causes-remedes-traitements-aphtes-buccaux": {
    "url": "/fr-ca/conseils-pour-soins-buccodentaires/hygiene-buccodentaire/causes-remedes-traitements-aphtes-buccaux",
    "enCA": "<xhtml:link rel=\"alternate\" hreflang=\"en-ca\" href=\"https://ca.crest.com/en-ca/oral-care-tips/gum-health/canker-sores-causes-relief-treatments\"/>",
    "frCA": "<xhtml:link rel=\"alternate\" hreflang=\"fr-ca\" href=\"https://ca.crest.com/fr-ca/conseils-pour-soins-buccodentaires/hygiene-buccodentaire/causes-remedes-traitements-aphtes-buccaux\"/>",
    "enUS": "<xhtml:link rel=\"alternate\" hreflang=\"en-us\" href=\"https://crest.com/en-us/oral-care-tips/gum-health/canker-sores-causes-relief-treatments\"/>"
  },
  "/fr-ca/conseils-pour-soins-buccodentaires/sante-des-gencives/eliminer-les-bacteries-buccales-crest-gum-detoxify": {
    "url": "/fr-ca/conseils-pour-soins-buccodentaires/sante-des-gencives/eliminer-les-bacteries-buccales-crest-gum-detoxify",
    "enCA": "<xhtml:link rel=\"alternate\" hreflang=\"en-ca\" href=\"https://ca.crest.com/en-ca/oral-care-tips/gum-health/crest-gum-detoxify-kill-mouth-bacteria\"/>",
    "frCA": "<xhtml:link rel=\"alternate\" hreflang=\"fr-ca\" href=\"https://ca.crest.com/fr-ca/conseils-pour-soins-buccodentaires/sante-des-gencives/eliminer-les-bacteries-buccales-crest-gum-detoxify\"/>",
    "enUS": "<xhtml:link rel=\"alternate\" hreflang=\"en-us\" href=\"https://crest.com/en-us/oral-care-tips/gum-health/crest-gum-detoxify-kill-mouth-bacteria\"/>"
  },
  "/fr-ca/conseils-pour-soins-buccodentaires/sante-des-gencives/prevenir-et-traiter-la-gingivite-a-domicile": {
    "url": "/fr-ca/conseils-pour-soins-buccodentaires/sante-des-gencives/prevenir-et-traiter-la-gingivite-a-domicile",
    "enCA": "<xhtml:link rel=\"alternate\" hreflang=\"en-ca\" href=\"https://ca.crest.com/en-ca/oral-care-tips/gum-health/gingivitis-home-treatment\"/>",
    "frCA": "<xhtml:link rel=\"alternate\" hreflang=\"fr-ca\" href=\"https://ca.crest.com/fr-ca/conseils-pour-soins-buccodentaires/sante-des-gencives/prevenir-et-traiter-la-gingivite-a-domicile\"/>",
    "enUS": "<xhtml:link rel=\"alternate\" hreflang=\"en-us\" href=\"https://crest.com/en-us/oral-care-tips/gum-health/gingivitis-home-treatment\"/>"
  },
  "/fr-ca/conseils-pour-soins-buccodentaires/sante-des-gencives/symptomes-causes-prevention-de-la-gingivite": {
    "url": "/fr-ca/conseils-pour-soins-buccodentaires/sante-des-gencives/symptomes-causes-prevention-de-la-gingivite",
    "enCA": "<xhtml:link rel=\"alternate\" hreflang=\"en-ca\" href=\"https://ca.crest.com/en-ca/oral-care-tips/gum-health/gingivitis-symptoms-causes-treatments\"/>",
    "frCA": "<xhtml:link rel=\"alternate\" hreflang=\"fr-ca\" href=\"https://ca.crest.com/fr-ca/conseils-pour-soins-buccodentaires/sante-des-gencives/symptomes-causes-prevention-de-la-gingivite\"/>",
    "enUS": "<xhtml:link rel=\"alternate\" hreflang=\"en-us\" href=\"https://crest.com/en-us/oral-care-tips/gum-health/gingivitis-symptoms-causes-treatments\"/>"
  },
  "/fr-ca/conseils-pour-soins-buccodentaires/sante-des-gencives/symptomes-et-traitements-de-la-gingivite-de-grossesse": {
    "url": "/fr-ca/conseils-pour-soins-buccodentaires/sante-des-gencives/symptomes-et-traitements-de-la-gingivite-de-grossesse",
    "enCA": "<xhtml:link rel=\"alternate\" hreflang=\"en-ca\" href=\"https://ca.crest.com/en-ca/oral-care-tips/gum-health/gingivitis-symptoms-treatments-during-pregnancy\"/>",
    "frCA": "<xhtml:link rel=\"alternate\" hreflang=\"fr-ca\" href=\"https://ca.crest.com/fr-ca/conseils-pour-soins-buccodentaires/sante-des-gencives/symptomes-et-traitements-de-la-gingivite-de-grossesse\"/>",
    "enUS": "<xhtml:link rel=\"alternate\" hreflang=\"en-us\" href=\"https://crest.com/en-us/oral-care-tips/gum-health/pregnancy-gingivitis-symptoms-treatments-during-pregnancy\"/>"
  },
  "/fr-ca/conseils-pour-soins-buccodentaires/sante-des-gencives/images-de-maladies-des-gencives": {
    "url": "/fr-ca/conseils-pour-soins-buccodentaires/sante-des-gencives/images-de-maladies-des-gencives",
    "enCA": "<xhtml:link rel=\"alternate\" hreflang=\"en-ca\" href=\"https://ca.crest.com/en-ca/oral-care-tips/gum-health/gum-disease-pictures-what-do-healthy-gums-look-like\"/>",
    "frCA": "<xhtml:link rel=\"alternate\" hreflang=\"fr-ca\" href=\"https://ca.crest.com/fr-ca/conseils-pour-soins-buccodentaires/sante-des-gencives/images-de-maladies-des-gencives\"/>",
    "enUS": "<xhtml:link rel=\"alternate\" hreflang=\"en-us\" href=\"https://crest.com/en-us/oral-care-tips/gum-health/gum-disease-pictures-what-do-healthy-gums-look-like\"/>"
  },
  "/fr-ca/conseils-pour-soins-buccodentaires/sante-des-gencives/symptomes-traitements-et-prevention-infection-des-gencives": {
    "url": "/fr-ca/conseils-pour-soins-buccodentaires/sante-des-gencives/symptomes-traitements-et-prevention-infection-des-gencives",
    "enCA": "<xhtml:link rel=\"alternate\" hreflang=\"en-ca\" href=\"https://ca.crest.com/en-ca/oral-care-tips/gum-health/gum-infection-symptoms-treatment-prevention\"/>",
    "frCA": "<xhtml:link rel=\"alternate\" hreflang=\"fr-ca\" href=\"https://ca.crest.com/fr-ca/conseils-pour-soins-buccodentaires/sante-des-gencives/symptomes-traitements-et-prevention-infection-des-gencives\"/>",
    "enUS": "<xhtml:link rel=\"alternate\" hreflang=\"en-us\" href=\"https://crest.com/en-us/oral-care-tips/gum-health/gum-infection-symptoms-treatment-prevention\"/>"
  },
  "/fr-ca/conseils-pour-soins-buccodentaires/sante-des-gencives/causes-et-traitements-de-inflammation-des-gencives": {
    "url": "/fr-ca/conseils-pour-soins-buccodentaires/sante-des-gencives/causes-et-traitements-de-inflammation-des-gencives",
    "enCA": "<xhtml:link rel=\"alternate\" hreflang=\"en-ca\" href=\"https://ca.crest.com/en-ca/oral-care-tips/gum-health/inflamed-gums-causes-treatments-gum-swelling\"/>",
    "frCA": "<xhtml:link rel=\"alternate\" hreflang=\"fr-ca\" href=\"https://ca.crest.com/fr-ca/conseils-pour-soins-buccodentaires/sante-des-gencives/causes-et-traitements-de-inflammation-des-gencives\"/>",
    "enUS": "<xhtml:link rel=\"alternate\" hreflang=\"en-us\" href=\"https://crest.com/en-us/oral-care-tips/gum-health/inflamed-gums-causes-treatments-gum-swelling\"/>"
  },
  "/fr-ca/conseils-pour-soins-buccodentaires/sante-des-gencives/traitement-pour-leucoplasie-gencives-blanches": {
    "url": "/fr-ca/conseils-pour-soins-buccodentaires/sante-des-gencives/traitement-pour-leucoplasie-gencives-blanches",
    "enCA": "<xhtml:link rel=\"alternate\" hreflang=\"en-ca\" href=\"https://ca.crest.com/en-ca/oral-care-tips/gum-health/leukoplakia-white-gums\"/>",
    "frCA": "<xhtml:link rel=\"alternate\" hreflang=\"fr-ca\" href=\"https://ca.crest.com/fr-ca/conseils-pour-soins-buccodentaires/sante-des-gencives/traitement-pour-leucoplasie-gencives-blanches\"/>",
    "enUS": "<xhtml:link rel=\"alternate\" hreflang=\"en-us\" href=\"https://crest.com/en-us/oral-care-tips/gum-health/leukoplakia-white-gums\"/>"
  },
  "/fr-ca/conseils-pour-soins-buccodentaires/sante-des-gencives/symptomes-causes-et-traitements-de-la-parodontite": {
    "url": "/fr-ca/conseils-pour-soins-buccodentaires/sante-des-gencives/symptomes-causes-et-traitements-de-la-parodontite",
    "enCA": "<xhtml:link rel=\"alternate\" hreflang=\"en-ca\" href=\"https://ca.crest.com/en-ca/oral-care-tips/gum-health/periodontitis-symptoms-causes-treatments\"/>",
    "frCA": "<xhtml:link rel=\"alternate\" hreflang=\"fr-ca\" href=\"https://ca.crest.com/fr-ca/conseils-pour-soins-buccodentaires/sante-des-gencives/symptomes-causes-et-traitements-de-la-parodontite\"/>",
    "enUS": "<xhtml:link rel=\"alternate\" hreflang=\"en-us\" href=\"https://crest.com/en-us/oral-care-tips/gum-health/periodontitis-symptoms-causes-treatments\"/>"
  },
  "/fr-ca/conseils-pour-soins-buccodentaires/sante-des-gencives/causes-et-traitements-de-la-recession-gingivale": {
    "url": "/fr-ca/conseils-pour-soins-buccodentaires/sante-des-gencives/causes-et-traitements-de-la-recession-gingivale",
    "enCA": "<xhtml:link rel=\"alternate\" hreflang=\"en-ca\" href=\"https://ca.crest.com/en-ca/oral-care-tips/gum-health/receding-gums-causes-treatments\"/>",
    "frCA": "<xhtml:link rel=\"alternate\" hreflang=\"fr-ca\" href=\"https://ca.crest.com/fr-ca/conseils-pour-soins-buccodentaires/sante-des-gencives/causes-et-traitements-de-la-recession-gingivale\"/>",
    "enUS": "<xhtml:link rel=\"alternate\" hreflang=\"en-us\" href=\"https://crest.com/en-us/oral-care-tips/gum-health/receding-gums-causes-treatments\"/>"
  },
  "/fr-ca/conseils-pour-soins-buccodentaires/hygiene-dentaire-des-enfants/a-propos-des-produits-crest-pour-enfants": {
    "url": "/fr-ca/conseils-pour-soins-buccodentaires/hygiene-dentaire-des-enfants/a-propos-des-produits-crest-pour-enfants",
    "enCA": "<xhtml:link rel=\"alternate\" hreflang=\"en-ca\" href=\"https://ca.crest.com/en-ca/oral-care-tips/kids/about-kids-crest-products\"/>",
    "frCA": "<xhtml:link rel=\"alternate\" hreflang=\"fr-ca\" href=\"https://ca.crest.com/fr-ca/conseils-pour-soins-buccodentaires/hygiene-dentaire-des-enfants/a-propos-des-produits-crest-pour-enfants\"/>"
  },
  "/fr-ca/conseils-pour-soins-buccodentaires/hygiene-dentaire-des-enfants/l-experience-amusante-de-loeuf": {
    "url": "/fr-ca/conseils-pour-soins-buccodentaires/hygiene-dentaire-des-enfants/l-experience-amusante-de-loeuf",
    "enCA": "<xhtml:link rel=\"alternate\" hreflang=\"en-ca\" href=\"https://ca.crest.com/en-ca/oral-care-tips/kids/a-fun-eggsperiment\"/>",
    "frCA": "<xhtml:link rel=\"alternate\" hreflang=\"fr-ca\" href=\"https://ca.crest.com/fr-ca/conseils-pour-soins-buccodentaires/hygiene-dentaire-des-enfants/l-experience-amusante-de-loeuf\"/>"
  },
  "/fr-ca/conseils-pour-soins-buccodentaires/hygiene-dentaire-des-enfants/prendre-soin-des-dents-enfants": {
    "url": "/fr-ca/conseils-pour-soins-buccodentaires/hygiene-dentaire-des-enfants/prendre-soin-des-dents-enfants",
    "enCA": "<xhtml:link rel=\"alternate\" hreflang=\"en-ca\" href=\"https://ca.crest.com/en-ca/oral-care-tips/kids/caring-for-kids-teeth\"/>",
    "frCA": "<xhtml:link rel=\"alternate\" hreflang=\"fr-ca\" href=\"https://ca.crest.com/fr-ca/conseils-pour-soins-buccodentaires/hygiene-dentaire-des-enfants/prendre-soin-des-dents-enfants\"/>"
  },
  "/fr-ca/conseils-pour-soins-buccodentaires/rince-bouche/meilleur-rince-bouche-pour-gingivite": {
    "url": "/fr-ca/conseils-pour-soins-buccodentaires/rince-bouche/meilleur-rince-bouche-pour-gingivite",
    "enCA": "<xhtml:link rel=\"alternate\" hreflang=\"en-ca\" href=\"https://ca.crest.com/en-ca/oral-care-tips/mouthwash/best-mouthwash-for-gingivitis-gum-disease\"/>",
    "frCA": "<xhtml:link rel=\"alternate\" hreflang=\"fr-ca\" href=\"https://ca.crest.com/fr-ca/conseils-pour-soins-buccodentaires/rince-bouche/meilleur-rince-bouche-pour-gingivite\"/>",
    "enUS": "<xhtml:link rel=\"alternate\" hreflang=\"en-us\" href=\"https://crest.com/en-us/oral-care-tips/mouthwash/best-mouthwash-for-gingivitis-gum-disease\"/>"
  },
  "/fr-ca/conseils-pour-soins-buccodentaires/hygiene-buccodentaire/urgences-dentaires": {
    "url": "/fr-ca/conseils-pour-soins-buccodentaires/hygiene-buccodentaire/urgences-dentaires",
    "enCA": "<xhtml:link rel=\"alternate\" hreflang=\"en-ca\" href=\"https://ca.crest.com/en-ca/oral-care-tips/oral-hygiene/dental-emergencies\"/>",
    "frCA": "<xhtml:link rel=\"alternate\" hreflang=\"fr-ca\" href=\"https://ca.crest.com/fr-ca/conseils-pour-soins-buccodentaires/hygiene-buccodentaire/urgences-dentaires\"/>"
  },
  "/fr-ca/conseils-pour-soins-buccodentaires/hygiene-buccodentaire/instructions-pour-une-bonne-hygiene-buccodentaire": {
    "url": "/fr-ca/conseils-pour-soins-buccodentaires/hygiene-buccodentaire/instructions-pour-une-bonne-hygiene-buccodentaire",
    "enCA": "<xhtml:link rel=\"alternate\" hreflang=\"en-ca\" href=\"https://ca.crest.com/en-ca/oral-care-tips/oral-hygiene/good-oral-hygiene-instructions\"/>",
    "frCA": "<xhtml:link rel=\"alternate\" hreflang=\"fr-ca\" href=\"https://ca.crest.com/fr-ca/conseils-pour-soins-buccodentaires/hygiene-buccodentaire/instructions-pour-une-bonne-hygiene-buccodentaire\"/>",
    "enUS": "<xhtml:link rel=\"alternate\" hreflang=\"en-us\" href=\"https://crest.com/en-us/oral-care-tips/oral-hygiene/oral-hygiene-tips\"/>"
  },
  "/fr-ca/conseils-pour-soins-buccodentaires/hygiene-buccodentaire/enseigner-lhygiene-dentaire": {
    "url": "/fr-ca/conseils-pour-soins-buccodentaires/hygiene-buccodentaire/enseigner-lhygiene-dentaire",
    "enCA": "<xhtml:link rel=\"alternate\" hreflang=\"en-ca\" href=\"https://ca.crest.com/en-ca/oral-care-tips/oral-hygiene/teach-oral-hygiene\"/>",
    "frCA": "<xhtml:link rel=\"alternate\" hreflang=\"fr-ca\" href=\"https://ca.crest.com/fr-ca/conseils-pour-soins-buccodentaires/hygiene-buccodentaire/enseigner-lhygiene-dentaire\"/>"
  },
  "/fr-ca/conseils-pour-soins-buccodentaires/plaque-et-tartre/prevention-et-traitement-de-la-plaque": {
    "url": "/fr-ca/conseils-pour-soins-buccodentaires/plaque-et-tartre/prevention-et-traitement-de-la-plaque",
    "enCA": "<xhtml:link rel=\"alternate\" hreflang=\"en-ca\" href=\"https://ca.crest.com/en-ca/oral-care-tips/tartar-and-plaque/what-is-plaque\"/>",
    "frCA": "<xhtml:link rel=\"alternate\" hreflang=\"fr-ca\" href=\"https://ca.crest.com/fr-ca/conseils-pour-soins-buccodentaires/plaque-et-tartre/prevention-et-traitement-de-la-plaque\"/>"
  },
  "/fr-ca/conseils-pour-soins-buccodentaires/plaque-et-tartre/prevention-et-traitement-du-tartre": {
    "url": "/fr-ca/conseils-pour-soins-buccodentaires/plaque-et-tartre/prevention-et-traitement-du-tartre",
    "enCA": "<xhtml:link rel=\"alternate\" hreflang=\"en-ca\" href=\"https://ca.crest.com/en-ca/oral-care-tips/tartar-and-plaque/what-is-tartar\"/>",
    "frCA": "<xhtml:link rel=\"alternate\" hreflang=\"fr-ca\" href=\"https://ca.crest.com/fr-ca/conseils-pour-soins-buccodentaires/plaque-et-tartre/prevention-et-traitement-du-tartre\"/>"
  },
  "/fr-ca/conseils-pour-soins-buccodentaires/dents-sensibles/causes-traitements-et-prevention-de-la-sensibilite-dentaire": {
    "url": "/fr-ca/conseils-pour-soins-buccodentaires/dents-sensibles/causes-traitements-et-prevention-de-la-sensibilite-dentaire",
    "enCA": "<xhtml:link rel=\"alternate\" hreflang=\"en-ca\" href=\"https://ca.crest.com/en-ca/oral-care-tips/teeth-sensitivity/teeth-sensitivity-causes-and-prevention\"/>",
    "frCA": "<xhtml:link rel=\"alternate\" hreflang=\"fr-ca\" href=\"https://ca.crest.com/fr-ca/conseils-pour-soins-buccodentaires/dents-sensibles/causes-traitements-et-prevention-de-la-sensibilite-dentaire\"/>"
  },
  "/fr-ca/conseils-pour-soins-buccodentaires/blanchiment-des-dents/conseils-pour-blanchiment-des-dents": {
    "url": "/fr-ca/conseils-pour-soins-buccodentaires/blanchiment-des-dents/conseils-pour-blanchiment-des-dents",
    "enCA": "<xhtml:link rel=\"alternate\" hreflang=\"en-ca\" href=\"https://ca.crest.com/en-ca/oral-care-tips/teeth-whitening/teeth-whitening-advice\"/>",
    "frCA": "<xhtml:link rel=\"alternate\" hreflang=\"fr-ca\" href=\"https://ca.crest.com/fr-ca/conseils-pour-soins-buccodentaires/blanchiment-des-dents/conseils-pour-blanchiment-des-dents\"/>"
  },
  "/fr-ca/conseils-pour-soins-buccodentaires/dentifrice/meilleur-dentifrice-pour-gingivite": {
    "url": "/fr-ca/conseils-pour-soins-buccodentaires/dentifrice/meilleur-dentifrice-pour-gingivite",
    "enCA": "<xhtml:link rel=\"alternate\" hreflang=\"en-ca\" href=\"https://ca.crest.com/en-ca/oral-care-tips/toothpaste/best-toothpaste-for-gingivitis-gum-disease\"/>",
    "frCA": "<xhtml:link rel=\"alternate\" hreflang=\"fr-ca\" href=\"https://ca.crest.com/fr-ca/conseils-pour-soins-buccodentaires/dentifrice/meilleur-dentifrice-pour-gingivite\"/>",
    "enUS": "<xhtml:link rel=\"alternate\" hreflang=\"en-us\" href=\"https://crest.com/en-us/oral-care-tips/toothpaste/best-toothpaste-for-gingivitis-gum-disease\"/>"
  },
  "/fr-ca/conseils-pour-soins-buccodentaires/dentifrice/comment-bien-se-brosser-les-dents": {
    "url": "/fr-ca/conseils-pour-soins-buccodentaires/dentifrice/comment-bien-se-brosser-les-dents",
    "enCA": "<xhtml:link rel=\"alternate\" hreflang=\"en-ca\" href=\"https://ca.crest.com/en-ca/oral-care-tips/toothpaste/how-to-properly-brush-your-teeth\"/>",
    "frCA": "<xhtml:link rel=\"alternate\" hreflang=\"fr-ca\" href=\"https://ca.crest.com/fr-ca/conseils-pour-soins-buccodentaires/dentifrice/comment-bien-se-brosser-les-dents\"/>",
    "enUS": "<xhtml:link rel=\"alternate\" hreflang=\"en-us\" href=\"https://crest.com/en-us/oral-care-tips/toothpaste/how-to-properly-brush-your-teeth\"/>"
  },
  "/fr-ca/conseils-pour-soins-buccodentaires/sante-des-gencives/causes-traitements-et-soulagement-des-gencives-sensibles": {
    "url": "/fr-ca/conseils-pour-soins-buccodentaires/sante-des-gencives/causes-traitements-et-soulagement-des-gencives-sensibles",
    "frCA": "<xhtml:link rel=\"alternate\" hreflang=\"fr-ca\" href=\"https://ca.crest.com/fr-ca/conseils-pour-soins-buccodentaires/sante-des-gencives/causes-traitements-et-soulagement-des-gencives-sensibles\"/>"
  },
  "/fr-ca/produits/rince-bouche/scope-outlast": {
    "url": "/fr-ca/produits/rince-bouche/scope-outlast",
    "frCA": "<xhtml:link rel=\"alternate\" hreflang=\"fr-ca\" href=\"https://ca.crest.com/fr-ca/produits/rince-bouche/scope-outlast\"/>"
  },
  "/fr-ca/produits/dentifrice/3d-white-brillance": {
    "url": "/fr-ca/produits/dentifrice/3d-white-brillance",
    "frCA": "<xhtml:link rel=\"alternate\" hreflang=\"fr-ca\" href=\"https://ca.crest.com/fr-ca/produits/dentifrice/3d-white-brillance\"/>"
  },
  "/fr-ca/produits/dentifrice-/fraicheur-extra-gum-detoxify": {
    "url": "/fr-ca/produits/dentifrice-/fraicheur-extra-gum-detoxify",
    "frCA": "<xhtml:link rel=\"alternate\" hreflang=\"fr-ca\" href=\"https://ca.crest.com/fr-ca/produits/dentifrice-/fraicheur-extra-gum-detoxify\"/>"
  },
  "/fr-ca/produits/dentifrice/pro-sante-stages-les-bagnoles": {
    "url": "/fr-ca/produits/dentifrice/pro-sante-stages-les-bagnoles",
    "frCA": "<xhtml:link rel=\"alternate\" hreflang=\"fr-ca\" href=\"https://ca.crest.com/fr-ca/produits/dentifrice/pro-sante-stages-les-bagnoles\"/>"
  }
}
